gamepadLx,gamepadLy,frontSensor,rightSensor,leftSensor,pwm,pwmLeft,pwmRight,steerLeft,steerRight
128.0,128.0,121.41308140754698,27.530828475952145,23.565701723098755,-1.0,0.0,0.0,0.0,0.0
128.0,128.0,121.41308140754698,27.530828475952145,23.565701723098755,-1.0,0.0,0.0,0.0,0.0
128.0,128.0,121.41308140754698,27.530828475952145,23.565701723098755,-1.0,0.0,0.0,0.0,0.0
128.0,128.0,121.41308140754698,27.530828475952145,23.565701723098755,-1.0,0.0,0.0,0.0,0.0
128.0,128.0,121.41308140754698,27.530828475952145,23.565701723098755,-1.0,0.0,0.0,0.0,0.0
128.0,128.0,121.41308140754698,27.530828475952145,23.565701723098755,-1.0,0.0,0.0,0.0,0.0
128.0,128.0,121.41308140754698,27.530828475952145,23.565701723098755,-1.0,0.0,0.0,0.0,0.0
128.0,128.0,121.41308140754698,27.530828475952145,23.565701723098755,-1.0,0.0,0.0,0.0,0.0
128.0,128.0,121.41308140754698,27.530828475952145,23.565701723098755,-1.0,0.0,0.0,0.0,0.0
128.0,128.0,121.41308140754698,27.530828475952145,23.565701723098755,-1.0,0.0,0.0,0.0,0.0
128.0,128.0,121.41308140754698,27.530828475952145,23.565701723098755,-1.0,0.0,0.0,0.0,0.0
128.0,128.0,121.41308140754698,27.530828475952145,23.565701723098755,-1.0,0.0,0.0,0.0,0.0
128.0,128.0,121.41308140754698,27.530828475952145,23.565701723098755,-1.0,0.0,0.0,0.0,0.0
128.0,128.0,121.41308140754698,27.530828475952145,23.565701723098755,-1.0,0.0,0.0,0.0,0.0
128.0,128.0,121.41308140754698,27.530828475952145,23.565701723098755,-1.0,0.0,0.0,0.0,0.0
128.0,128.0,121.41308140754698,27.530828475952145,23.565701723098755,-1.0,0.0,0.0,0.0,0.0
128.0,128.0,121.41308140754698,27.530828475952145,23.565701723098755,-1.0,0.0,0.0,0.0,0.0
128.0,128.0,121.41308140754698,27.530828475952145,23.565701723098755,-1.0,0.0,0.0,0.0,0.0
128.0,128.0,121.41308140754698,27.530828475952145,23.565701723098755,-1.0,0.0,0.0,0.0,0.0
128.0,128.0,121.41308140754698,27.530828475952145,23.565701723098755,-1.0,0.0,0.0,0.0,0.0
128.0,128.0,121.41308140754698,27.530828475952145,23.565701723098755,-1.0,0.0,0.0,0.0,0.0
128.0,128.0,121.41308140754698,27.530828475952145,23.565701723098755,-1.0,0.0,0.0,0.0,0.0
128.0,128.0,121.41308140754698,27.530828475952145,23.565701723098755,-1.0,0.0,0.0,0.0,0.0
128.0,128.0,121.41308140754698,27.530828475952145,23.565701723098755,-1.0,0.0,0.0,0.0,0.0
128.0,128.0,121.41308140754698,27.530828475952145,23.565701723098755,-1.0,0.0,0.0,0.0,0.0
128.0,128.0,121.41308140754698,27.530828475952145,23.565701723098755,-1.0,0.0,0.0,0.0,0.0
128.0,128.0,121.41308140754698,27.530828475952145,23.565701723098755,-1.0,0.0,0.0,0.0,0.0
128.0,128.0,121.41308140754698,27.530828475952145,23.565701723098755,-1.0,0.0,0.0,0.0,0.0
128.0,128.0,121.41308140754698,27.530828475952145,23.565701723098755,-1.0,0.0,0.0,0.0,0.0
128.0,128.0,121.41308140754698,27.530828475952145,23.565701723098755,-1.0,0.0,0.0,0.0,0.0
128.0,128.0,121.41308140754698,27.530828475952145,23.565701723098755,-1.0,0.0,0.0,0.0,0.0
128.0,128.0,121.41308140754698,27.530828475952145,23.565701723098755,-1.0,0.0,0.0,0.0,0.0
128.0,128.0,121.41308140754698,27.530828475952145,23.565701723098755,-1.0,0.0,0.0,0.0,0.0
128.0,128.0,121.41308140754698,27.530828475952145,23.565701723098755,-1.0,0.0,0.0,0.0,0.0
128.0,128.0,121.41308140754698,27.530828475952145,23.565701723098755,-1.0,0.0,0.0,0.0,0.0
128.0,128.0,121.3765264034271,27.530828475952145,23.565701723098755,-1.0,0.0,0.0,0.0,0.0
128.0,128.0,121.33997139930723,27.530828475952145,23.565701723098755,-1.0,0.0,0.0,0.0,0.0
128.0,128.0,121.30341639518737,27.530828475952145,23.565701723098755,-1.0,0.0,0.0,0.0,0.0
128.0,128.0,121.2668613910675,27.530828475952145,23.565701723098755,-1.0,0.0,0.0,0.0,0.0
128.0,128.0,121.23030638694762,27.530828475952145,23.565701723098755,-1.0,0.0,0.0,0.0,0.0
128.0,128.0,121.19375138282774,27.530828475952145,23.565701723098755,-1.0,0.0,0.0,0.0,0.0
128.0,128.0,121.15719637870787,27.530828475952145,23.565701723098755,-1.0,0.0,0.0,0.0,0.0
128.0,128.0,121.120641374588,27.530828475952145,23.565701723098755,-1.0,0.0,0.0,0.0,0.0
128.0,128.0,121.08408637046813,27.530828475952145,23.565701723098755,-1.0,0.0,0.0,0.0,0.0
128.0,128.0,121.04753136634825,27.530828475952145,23.565701723098755,-1.0,0.0,0.0,0.0,0.0
128.0,128.0,121.01097636222838,27.530828475952145,23.565701723098755,-1.0,0.0,0.0,0.0,0.0
128.0,128.0,120.9744213581085,27.530828475952145,23.565701723098755,-1.0,0.0,0.0,0.0,0.0
128.0,128.0,120.93786635398864,27.530828475952145,23.565701723098755,-1.0,0.0,0.0,0.0,0.0
128.0,128.0,120.90131134986876,27.531919670104976,23.592981576919556,-1.0,0.0,0.0,0.0,0.0
128.0,128.0,120.86475634574889,27.533010864257808,23.620261430740356,-1.0,0.0,0.0,0.0,0.0
128.0,128.0,120.86475634574889,27.534102058410642,23.647541284561157,-1.0,0.0,0.0,0.0,0.0
128.0,128.0,120.86475634574889,27.535193252563474,23.674821138381958,-1.0,0.0,0.0,0.0,0.0
128.0,128.0,120.86475634574889,27.536284446716305,23.70210099220276,-1.0,0.0,0.0,0.0,0.0
128.0,128.0,120.86475634574889,27.537375640869136,23.72938084602356,-1.0,0.0,0.0,0.0,0.0
128.0,128.0,120.86475634574889,27.538466835021968,23.75666069984436,-1.0,0.0,0.0,0.0,0.0
128.0,128.0,120.86475634574889,27.539558029174803,23.78394055366516,-1.0,0.0,0.0,0.0,0.0
128.0,128.0,120.86475634574889,27.540649223327634,23.811220407485962,-1.0,0.0,0.0,0.0,0.0
128.0,128.0,120.86475634574889,27.541740417480465,23.838500261306763,-1.0,0.0,0.0,0.0,0.0
128.0,128.0,120.86475634574889,27.542831611633297,23.865780115127563,-1.0,0.0,0.0,0.0,0.0
128.0,128.0,120.80146708488464,27.543922805786128,23.893059968948364,-1.0,0.0,0.0,0.0,0.0
128.0,128.0,120.73817782402037,27.545013999938963,23.920339822769165,-1.0,0.0,0.0,0.0,0.0
128.0,128.0,120.67488856315612,27.546105194091794,23.947619676589966,-1.0,0.0,0.0,0.0,0.0
128.0,128.0,120.61159930229185,27.547196388244625,23.974899530410767,-1.0,0.0,0.0,0.0,0.0
128.0,128.0,120.5483100414276,27.547196388244625,23.974899530410767,-1.0,0.0,0.0,0.0,0.0
128.0,128.0,120.48502078056335,27.547196388244625,23.974899530410767,-1.0,0.0,0.0,0.0,0.0
128.0,128.0,120.42173151969908,27.547196388244625,23.974899530410767,-1.0,0.0,0.0,0.0,0.0
128.0,128.0,120.35844225883483,27.547196388244625,23.974899530410767,-1.0,0.0,0.0,0.0,0.0
128.0,128.0,120.29515299797056,27.547196388244625,23.947619676589966,-1.0,0.0,0.0,0.0,0.0
128.0,128.0,120.23186373710631,27.547196388244625,23.920339822769165,-1.0,0.0,0.0,0.0,0.0
128.0,128.0,120.16857447624206,27.547196388244625,23.893059968948364,-1.0,0.0,0.0,0.0,0.0
128.0,128.0,120.10528521537779,27.547196388244625,23.865780115127563,-1.0,0.0,0.0,0.0,0.0
128.0,128.0,120.04199595451354,27.547196388244625,23.838500261306763,-1.0,0.0,0.0,0.0,0.0
128.0,128.0,119.97870669364927,27.547196388244625,23.811220407485962,-1.0,0.0,0.0,0.0,0.0
128.0,128.0,119.90532388687133,27.547196388244625,23.78394055366516,-1.0,0.0,0.0,0.0,0.0
128.0,128.0,119.89523034095762,27.547196388244625,23.75666069984436,-1.0,0.0,0.0,0.0,0.0
128.0,128.0,119.88513679504393,27.547196388244625,23.72938084602356,-1.0,0.0,0.0,0.0,0.0
128.0,128.0,119.87504324913023,27.547196388244625,23.70210099220276,-1.0,0.0,0.0,0.0,0.0
128.0,128.0,119.86494970321654,27.547196388244625,23.674821138381958,-1.0,0.0,0.0,0.0,0.0
128.0,128.0,119.85485615730285,27.547196388244625,23.647541284561157,-1.0,0.0,0.0,0.0,0.0
128.0,128.0,119.7678334236145,27.547196388244625,23.620261430740356,-1.0,0.0,0.0,0.0,0.0
128.0,128.0,119.68081068992615,27.547196388244625,23.592981576919556,-1.0,0.0,0.0,0.0,0.0
128.0,128.0,119.59378795623779,27.547196388244625,23.565701723098755,-1.0,0.0,0.0,0.0,0.0
128.0,128.0,119.50676522254943,27.547196388244625,23.565701723098755,-1.0,0.0,0.0,0.0,0.0
128.0,128.0,119.41974248886109,27.547196388244625,23.565701723098755,-1.0,0.0,0.0,0.0,0.0
128.0,128.0,119.33271975517273,27.547196388244625,23.565701723098755,-1.0,0.0,0.0,0.0,0.0
128.0,128.0,119.24569702148438,27.547196388244625,23.565701723098755,-1.0,0.0,0.0,0.0,0.0
128.0,128.0,119.05364685058593,27.547196388244625,23.565701723098755,-1.0,0.0,0.0,0.0,0.0
128.0,128.0,118.8615966796875,27.547196388244625,23.565701723098755,-1.0,0.0,0.0,0.0,0.0
128.0,128.0,118.67964005470276,27.547196388244625,23.565701723098755,-1.0,0.0,0.0,0.0,0.0
128.0,128.0,118.49768342971802,27.547196388244625,23.565701723098755,-1.0,0.0,0.0,0.0,0.0
128.0,128.0,118.31572680473327,27.547196388244625,23.565701723098755,-1.0,0.0,0.0,0.0,0.0
128.0,128.0,118.13377017974854,27.547196388244625,23.565701723098755,-1.0,0.0,0.0,0.0,0.0
128.0,128.0,117.95181355476379,27.547196388244625,23.565701723098755,-1.0,0.0,0.0,0.0,0.0
128.0,128.0,117.76985692977905,27.547196388244625,23.565701723098755,-1.0,0.0,0.0,0.0,0.0
128.0,128.0,117.66482949256897,27.602301692962644,23.565701723098755,-1.0,0.0,0.0,0.0,0.0
128.0,128.0,117.55980205535889,27.65740699768066,23.565701723098755,-1.0,0.0,0.0,0.0,0.0
128.0,128.0,117.4547746181488,27.71251230239868,23.565701723098755,-1.0,0.0,0.0,0.0,0.0
128.0,128.0,117.34974718093872,27.767617607116694,23.565701723098755,-1.0,0.0,0.0,0.0,0.0
128.0,128.0,117.24471974372864,27.822722911834713,23.548515415191652,-1.0,0.0,0.0,0.0,0.0
128.0,128.0,117.13969230651855,27.87973780632019,23.531329107284545,-1.0,0.0,0.0,0.0,0.0
128.0,128.0,117.03466486930847,27.936752700805663,23.514142799377442,-1.0,0.0,0.0,0.0,0.0
128.0,128.0,117.03466486930847,27.99376759529114,23.496956491470335,-1.0,0.0,0.0,0.0,0.0
128.0,128.0,117.03466486930847,28.050782489776612,23.479770183563232,-1.0,0.0,0.0,0.0,0.0
128.0,128.0,117.03466486930847,28.107797384262085,23.46258387565613,-1.0,0.0,0.0,0.0,0.0
128.0,128.0,117.03466486930847,28.164812278747558,23.44430637359619,-1.0,0.0,0.0,0.0,0.0
128.0,128.0,117.03466486930847,28.22182717323303,23.426028871536253,-1.0,0.0,0.0,0.0,0.0
128.0,128.0,117.03466486930847,28.278842067718507,23.40775136947632,-1.0,0.0,0.0,0.0,0.0
128.0,128.0,117.03466486930847,28.33585696220398,23.38947386741638,-1.0,0.0,0.0,0.0,0.0
128.0,128.0,117.03466486930847,28.392871856689453,23.371196365356447,-1.0,0.0,0.0,0.0,0.0
128.0,128.0,117.03466486930847,28.39478144645691,23.35291886329651,-1.0,0.0,0.0,0.0,0.0
128.0,128.0,117.03466486930847,28.396691036224365,23.309271097183228,-1.0,0.0,0.0,0.0,0.0
128.0,128.0,117.03466486930847,28.398600625991822,23.265623331069946,-1.0,0.0,0.0,0.0,0.0
128.0,128.0,117.03466486930847,28.400510215759276,23.221975564956665,-1.0,0.0,0.0,0.0,0.0
128.0,128.0,117.03466486930847,28.402419805526733,23.195514106750487,-1.0,0.0,0.0,0.0,0.0
128.0,128.0,117.03466486930847,28.402419805526733,23.169052648544312,-1.0,0.0,0.0,0.0,0.0
128.0,128.0,117.03466486930847,28.402419805526733,23.142591190338134,-1.0,0.0,0.0,0.0,0.0
128.0,128.0,117.12168760299683,28.402419805526733,23.11612973213196,-1.0,0.0,0.0,0.0,0.0
128.0,128.0,117.20871033668519,28.402419805526733,23.08966827392578,-1.0,0.0,0.0,0.0,0.0
128.0,128.0,117.29573307037353,28.402419805526733,23.063206815719603,-1.0,0.0,0.0,0.0,0.0
128.0,128.0,117.38275580406189,28.402419805526733,23.03783655166626,-1.0,0.0,0.0,0.0,0.0
128.0,128.0,117.46977853775024,28.402419805526733,23.012466287612916,-1.0,0.0,0.0,0.0,0.0
128.0,128.0,117.5568012714386,28.402419805526733,22.98709602355957,-1.0,0.0,0.0,0.0,0.0
128.0,128.0,117.64382400512696,28.402419805526733,22.961725759506226,-1.0,0.0,0.0,0.0,0.0
128.0,128.0,117.7308467388153,28.402419805526733,22.93635549545288,-1.0,0.0,0.0,0.0,0.0
128.0,128.0,117.81786947250366,28.402419805526733,22.910985231399533,-1.0,0.0,0.0,0.0,0.0
128.0,128.0,117.90489220619202,28.402419805526733,22.910985231399533,-1.0,0.0,0.0,0.0,0.0
128.0,128.0,117.99191493988037,28.402419805526733,22.910985231399533,-1.0,0.0,0.0,0.0,0.0
128.0,128.0,118.07893767356873,28.402419805526733,22.910985231399533,-1.0,0.0,0.0,0.0,0.0
128.0,128.0,118.16596040725707,28.402419805526733,22.910985231399533,-1.0,0.0,0.0,0.0,0.0
128.0,128.0,118.25298314094543,28.402419805526733,22.910985231399533,-1.0,0.0,0.0,0.0,0.0
128.0,128.0,118.07348170280456,28.402419805526733,22.910985231399533,-1.0,0.0,0.0,0.0,0.0
128.0,128.0,117.80695753097532,28.402419805526733,22.910985231399533,-1.0,0.0,0.0,0.0,0.0
128.0,128.0,117.5404333591461,28.402419805526733,22.910985231399533,-1.0,0.0,0.0,0.0,0.0
128.0,128.0,117.27390918731687,28.402419805526733,22.910985231399533,-1.0,0.0,0.0,0.0,0.0
128.0,128.0,117.00738501548766,28.402419805526733,22.910985231399533,-1.0,0.0,0.0,0.0,0.0
128.0,128.0,116.74086084365844,28.402419805526733,22.910985231399533,-1.0,0.0,0.0,0.0,0.0
128.0,128.0,116.47433667182922,28.402419805526733,22.936355495452876,-1.0,0.0,0.0,0.0,0.0
128.0,128.0,116.2078125,28.402419805526733,22.961725759506223,-1.0,0.0,0.0,0.0,0.0
128.0,128.0,115.94128832817077,28.402419805526733,22.987096023559566,-1.0,0.0,0.0,0.0,0.0
128.0,128.0,115.67476415634155,28.402419805526733,23.012466287612916,-1.0,0.0,0.0,0.0,0.0
128.0,128.0,115.40823998451233,28.402419805526733,23.03783655166626,-1.0,0.0,0.0,0.0,0.0
128.0,128.0,115.1417158126831,28.402419805526733,23.063206815719603,-1.0,0.0,0.0,0.0,0.0
128.0,128.0,114.87519164085388,28.402419805526733,23.08857707977295,-1.0,0.0,0.0,0.0,0.0
128.0,128.0,114.60866746902465,28.402419805526733,23.113947343826293,-1.0,0.0,0.0,0.0,0.0
128.0,128.0,114.34214329719543,28.402419805526733,23.13931760787964,-1.0,0.0,0.0,0.0,0.0
128.0,128.0,114.34214329719543,28.402419805526733,23.164687871932983,-1.0,0.0,0.0,0.0,0.0
128.0,128.0,114.34214329719543,28.402419805526733,23.190058135986327,-1.0,0.0,0.0,0.0,0.0
128.0,128.0,114.60866746902465,28.402419805526733,23.250619411468506,-1.0,0.0,0.0,0.0,0.0
128.0,128.0,114.87519164085388,28.402419805526733,23.311180686950685,-1.0,0.0,0.0,0.0,0.0
128.0,128.0,115.1417158126831,28.402419805526733,23.37174196243286,-1.0,0.0,0.0,0.0,0.0
128.0,128.0,115.40823998451233,28.402419805526733,23.43230323791504,-1.0,0.0,0.0,0.0,0.0
128.0,128.0,115.67476415634155,28.402419805526733,23.467494249343872,-1.0,0.0,0.0,0.0,0.0
128.0,128.0,115.94128832817077,28.402419805526733,23.502685260772704,-1.0,0.0,0.0,0.0,0.0
128.0,128.0,116.5589042186737,28.402419805526733,23.537876272201537,-1.0,0.0,0.0,0.0,0.0
128.0,128.0,117.17652010917664,28.376503944396973,23.573067283630373,-1.0,0.0,0.0,0.0,0.0
128.0,128.0,117.79413599967957,28.350588083267212,23.608258295059205,-1.0,0.0,0.0,0.0,0.0
128.0,128.0,118.4117518901825,28.32467222213745,23.643449306488037,-1.0,0.0,0.0,0.0,0.0
128.0,128.0,119.02936778068542,28.29875636100769,23.67864031791687,-1.0,0.0,0.0,0.0,0.0
128.0,128.0,119.64698367118835,28.27284049987793,23.7138313293457,-1.0,0.0,0.0,0.0,0.0
128.0,128.0,120.26459956169128,28.24692463874817,23.749022340774538,-1.0,0.0,0.0,0.0,0.0
128.0,128.0,120.88221545219422,28.112162160873414,23.74547595977783,-1.0,0.0,0.0,0.0,0.0
128.0,128.0,121.49983134269715,27.97739968299866,23.74192957878113,-1.0,0.0,0.0,0.0,0.0
128.0,128.0,121.85092306137085,27.8426372051239,23.70319218635559,-1.0,0.0,0.0,0.0,0.0
128.0,128.0,122.20201478004455,27.707874727249145,23.664454793930055,-1.0,0.0,0.0,0.0,0.0
128.0,128.0,122.55310649871826,27.57311224937439,23.625717401504517,-1.0,0.0,0.0,0.0,0.0
128.0,128.0,122.90419821739196,27.438349771499634,23.586980009078978,-1.0,0.0,0.0,0.0,0.0
128.0,128.0,123.25528993606568,27.30358729362488,23.548242616653443,-1.0,0.0,0.0,0.0,0.0
128.0,128.0,123.60638165473938,27.16882481575012,23.509505224227905,-1.0,0.0,0.0,0.0,0.0
128.0,128.0,123.60638165473938,27.034062337875366,23.47076783180237,-1.0,0.0,0.0,0.0,0.0
128.0,128.0,123.60638165473938,26.92521572113037,23.43203043937683,-1.0,0.0,0.0,0.0,0.0
128.0,128.0,123.60638165473938,26.816369104385377,23.393293046951293,-1.0,0.0,0.0,0.0,0.0
128.0,128.0,123.60638165473938,26.707522487640382,23.354555654525758,-1.0,0.0,0.0,0.0,0.0
128.0,128.0,123.60638165473938,26.598675870895384,23.31581826210022,-1.0,0.0,0.0,0.0,0.0
128.0,128.0,123.58237538337707,26.48982925415039,23.277080869674684,-1.0,0.0,0.0,0.0,0.0
128.0,128.0,123.55836911201477,26.380982637405392,23.238343477249146,-1.0,0.0,0.0,0.0,0.0
128.0,128.0,123.53436284065246,26.380982637405392,23.238343477249146,-1.0,0.0,0.0,0.0,0.0
128.0,128.0,123.51035656929017,26.380982637405392,23.238343477249146,-1.0,0.0,0.0,0.0,0.0
128.0,128.0,123.48635029792786,26.380982637405392,23.238343477249146,-1.0,0.0,0.0,0.0,0.0
141.0,111.0,123.46234402656555,26.380982637405392,23.238343477249146,0.0,0.0,0.0,0.3368670250956265,0.3368670250956265
170.0,65.0,123.43833775520325,26.380982637405392,23.238343477249146,0.4339448496040145,0.4339448496040145,0.3184070865572236,0.26624987749531304,0.26624987749531304
183.0,0.0,123.34940543174744,26.380982637405392,23.238343477249146,1.0,1.0,0.8837689604439887,0.11623103955601133,0.11623103955601133
183.0,0.0,123.26047310829162,26.458730220794674,23.238343477249146,1.0,1.0,0.8837689604439887,0.11623103955601133,0.11623103955601133
186.0,0.0,123.17154078483581,26.536477804183956,23.238343477249146,1.0,1.0,0.8710795012543752,0.12892049874562483,0.12892049874562483
183.0,0.0,123.08260846138,26.61422538757324,23.238343477249146,1.0,1.0,0.8837689604439887,0.11623103955601133,0.11623103955601133
186.0,0.0,122.9936761379242,26.69197297096252,23.238343477249146,1.0,1.0,0.8710795012543752,0.12892049874562483,0.12892049874562483
186.0,0.0,122.90474381446839,26.769720554351803,23.238343477249146,1.0,1.0,0.8710795012543752,0.12892049874562483,0.12892049874562483
187.0,0.0,122.81581149101257,26.847468137741085,23.238343477249146,1.0,1.0,0.866723425404237,0.13327657459576303,0.13327657459576303
184.0,0.0,122.72687916755676,26.925215721130368,23.238343477249146,1.0,1.0,0.8796032014462574,0.12039679855374263,0.12039679855374263
188.0,0.0,122.66195311546326,27.314226436614987,23.238343477249146,1.0,1.0,0.8623058430754558,0.13769415692454423,0.13769415692454423
188.0,0.0,122.59702706336975,27.703237152099607,23.238343477249146,1.0,1.0,0.8623058430754558,0.13769415692454423,0.13769415692454423
188.0,0.0,122.53210101127624,28.092247867584224,23.238343477249146,1.0,1.0,0.8623058430754558,0.13769415692454423,0.13769415692454423
188.0,0.0,122.46717495918274,28.481258583068843,23.238343477249146,1.0,1.0,0.8623058430754558,0.13769415692454423,0.13769415692454423
188.0,0.0,122.40224890708923,28.870269298553463,23.238343477249146,1.0,1.0,0.8623058430754558,0.13769415692454423,0.13769415692454423
188.0,0.0,122.33732285499573,29.259280014038087,23.238343477249146,1.0,1.0,0.8623058430754558,0.13769415692454423,0.13769415692454423
186.0,0.0,122.27239680290222,29.648290729522706,23.238343477249146,1.0,1.0,0.8710795012543752,0.12892049874562483,0.12892049874562483
186.0,0.0,122.27239680290222,30.037301445007323,23.238343477249146,1.0,1.0,0.8710795012543752,0.12892049874562483,0.12892049874562483
186.0,0.0,122.27239680290222,30.34856457710266,23.238343477249146,1.0,1.0,0.8710795012543752,0.12892049874562483,0.12892049874562483
186.0,0.0,122.27239680290222,30.659827709197998,23.238343477249146,1.0,1.0,0.8710795012543752,0.12892049874562483,0.12892049874562483
186.0,0.0,122.27239680290222,30.971090841293336,23.238343477249146,1.0,1.0,0.8710795012543752,0.12892049874562483,0.12892049874562483
187.0,0.0,122.27239680290222,31.282353973388673,23.238343477249146,1.0,1.0,0.866723425404237,0.13327657459576303,0.13327657459576303
187.0,0.0,122.27239680290222,31.282353973388673,23.238343477249146,1.0,1.0,0.866723425404237,0.13327657459576303,0.13327657459576303
184.0,0.0,122.27239680290222,31.282353973388673,23.238343477249146,1.0,1.0,0.866723425404237,0.13327657459576303,0.13327657459576303
184.0,0.0,122.27239680290222,31.282353973388673,23.238343477249146,1.0,1.0,0.8796032014462574,0.12039679855374263,0.12039679855374263
185.0,0.0,122.27239680290222,30.971090841293336,23.238343477249146,1.0,1.0,0.8753730775023087,0.12462692249769125,0.12462692249769125
185.0,0.0,122.27239680290222,30.659827709197998,23.238343477249146,1.0,1.0,0.8753730775023087,0.12462692249769125,0.12462692249769125
185.0,0.0,122.27239680290222,30.34856457710266,23.238343477249146,1.0,1.0,0.8753730775023087,0.12462692249769125,0.12462692249769125
185.0,0.0,122.27239680290222,30.037301445007323,23.238343477249146,1.0,1.0,0.8753730775023087,0.12462692249769125,0.12462692249769125
184.0,0.0,122.27239680290222,29.72603831291199,23.238343477249146,1.0,1.0,0.8796032014462574,0.12039679855374263,0.12039679855374263
184.0,0.0,122.27239680290222,29.41477518081665,23.238343477249146,1.0,1.0,0.8796032014462574,0.12039679855374263,0.12039679855374263
185.0,0.0,122.27239680290222,29.103512048721313,23.238343477249146,1.0,1.0,0.8753730775023087,0.12462692249769125,0.12462692249769125
185.0,0.0,122.27239680290222,28.792248916625976,23.238343477249146,1.0,1.0,0.8753730775023087,0.12462692249769125,0.12462692249769125
185.0,0.0,122.27239680290222,28.48098578453064,23.238343477249146,1.0,1.0,0.8753730775023087,0.12462692249769125,0.12462692249769125
184.0,0.0,122.27239680290222,28.169722652435304,23.238343477249146,1.0,1.0,0.8796032014462574,0.12039679855374263,0.12039679855374263
184.0,0.0,121.9346722126007,27.748521709442137,23.238343477249146,1.0,1.0,0.8796032014462574,0.12039679855374263,0.12039679855374263
184.0,0.0,121.5969476222992,27.32732076644897,23.238343477249146,1.0,1.0,0.8796032014462574,0.12039679855374263,0.12039679855374263
185.0,0.0,121.25922303199768,27.217382955551145,23.238343477249146,1.0,1.0,0.8753730775023087,0.12462692249769125,0.12462692249769125
185.0,0.0,120.92149844169617,27.107445144653315,23.238343477249146,1.0,1.0,0.8753730775023087,0.12462692249769125,0.12462692249769125
185.0,0.0,120.58377385139465,26.99750733375549,23.238343477249146,1.0,1.0,0.8753730775023087,0.12462692249769125,0.12462692249769125
186.0,0.0,120.24604926109313,26.887569522857667,23.238343477249146,1.0,1.0,0.8710795012543752,0.12892049874562483,0.12892049874562483
186.0,0.0,119.90832467079163,26.777631711959838,23.238343477249146,1.0,1.0,0.8710795012543752,0.12892049874562483,0.12892049874562483
185.0,0.0,119.57060008049011,26.667693901062012,23.238343477249146,1.0,1.0,0.8753730775023087,0.12462692249769125,0.12462692249769125
185.0,0.0,119.2328754901886,26.557756090164183,23.238343477249146,1.0,1.0,0.8753730775023087,0.12462692249769125,0.12462692249769125
185.0,0.0,118.89515089988708,26.447818279266357,23.238343477249146,1.0,1.0,0.8753730775023087,0.12462692249769125,0.12462692249769125
185.0,0.0,118.55742630958557,26.33788046836853,23.238343477249146,1.0,1.0,0.8753730775023087,0.12462692249769125,0.12462692249769125
183.0,0.0,118.21970171928406,26.227942657470702,23.238343477249146,1.0,1.0,0.8837689604439887,0.11623103955601133,0.11623103955601133
175.0,0.0,117.88197712898254,26.118004846572877,23.238343477249146,1.0,1.0,0.914681181458121,0.08531881854187895,0.08531881854187895
163.0,0.0,117.54425253868104,26.008067035675047,23.238343477249146,1.0,1.0,0.9524895709344947,0.04751042906550529,0.04751042906550529
163.0,0.0,117.20652794837952,26.008067035675047,23.238343477249146,1.0,1.0,0.9524895709344947,0.04751042906550529,0.04751042906550529
153.0,0.0,117.20652794837952,26.118004846572877,23.238343477249146,1.0,1.0,0.9757266525087508,0.02427334749124921,0.02427334749124921
145.0,0.0,117.20652794837952,26.227942657470702,23.238343477249146,1.0,1.0,0.9887717263015519,0.011228273698448143,0.011228273698448143
128.0,0.0,117.20652794837952,26.33788046836853,23.238343477249146,1.0,1.0,1.0,0.0,0.0
128.0,0.0,117.20652794837952,26.447818279266357,23.238343477249146,1.0,1.0,1.0,0.0,0.0
128.0,0.0,117.15060424804688,26.557756090164183,23.238343477249146,1.0,1.0,1.0,0.0,0.0
128.0,0.0,117.09468054771423,26.667693901062012,23.238343477249146,1.0,1.0,1.0,0.0,0.0
128.0,0.0,117.03875684738159,26.777631711959838,23.238343477249146,1.0,1.0,1.0,0.0,0.0
128.0,0.0,116.98283314704895,26.887569522857667,23.238343477249146,1.0,1.0,1.0,0.0,0.0
128.0,0.0,116.92690944671631,26.997507333755493,23.238343477249146,1.0,1.0,1.0,0.0,0.0
128.0,0.0,116.87098574638367,27.10744514465332,23.238343477249146,1.0,1.0,1.0,0.0,0.0
128.0,0.0,116.81506204605103,27.217382955551148,23.238343477249146,1.0,1.0,1.0,0.0,0.0
128.0,0.0,116.75913834571838,27.217382955551148,23.257984972000123,1.0,1.0,1.0,0.0,0.0
128.0,0.0,116.70321464538574,27.217382955551148,23.277626466751098,1.0,1.0,1.0,0.0,0.0
128.0,0.0,116.6472909450531,27.217382955551145,23.297267961502076,1.0,1.0,1.0,0.0,0.0
128.0,0.0,116.59136724472046,27.107445144653315,23.31690945625305,1.0,1.0,1.0,0.0,0.0
128.0,0.0,116.53544354438782,26.99750733375549,23.33655095100403,1.0,1.0,1.0,0.0,0.0
128.0,0.0,116.47951984405518,26.887569522857667,23.356192445755006,1.0,1.0,1.0,0.0,0.0
128.0,0.0,116.42359614372253,26.777631711959838,23.530237913131714,1.0,1.0,1.0,0.0,0.0
128.0,0.0,116.36767244338988,26.667693901062012,23.70428338050842,1.0,1.0,1.0,0.0,0.0
128.0,0.0,116.36767244338988,26.557756090164183,23.878328847885133,1.0,1.0,1.0,0.0,0.0
128.0,0.0,116.36767244338988,26.447818279266357,24.05237431526184,1.0,1.0,1.0,0.0,0.0
128.0,0.0,116.36767244338988,26.33788046836853,24.22641978263855,1.0,1.0,1.0,0.0,0.0
128.0,0.0,116.36767244338988,26.227942657470702,24.40046525001526,1.0,1.0,1.0,0.0,0.0
125.0,0.0,116.36767244338988,26.118004846572877,24.574510717391966,1.0,0.9996502943496698,1.0,0.00034970565033021206,0.00034970565033021206
125.0,0.0,116.36767244338988,26.008067035675047,24.930512809753417,1.0,0.9996502943496698,1.0,0.00034970565033021206,0.00034970565033021206
121.0,0.0,116.36767244338988,25.89812922477722,25.286514902114867,1.0,0.9980960524999201,1.0,0.0019039475000799388,0.0019039475000799388
119.0,0.0,116.36767244338988,25.89812922477722,25.622875499725343,1.0,0.9968526744722127,1.0,0.0031473255277872925,0.0031473255277872925
119.0,0.0,116.36767244338988,25.89812922477722,25.959236097335815,1.0,0.9968526744722127,1.0,0.0031473255277872925,0.0031473255277872925
114.0,0.0,116.36767244338988,25.89812922477722,26.29559669494629,1.0,0.9923845505638235,1.0,0.007615449436176536,0.007615449436176536
114.0,0.0,116.36767244338988,25.89812922477722,26.631957292556763,1.0,0.9923845505638235,1.0,0.007615449436176536,0.007615449436176536
114.0,0.0,116.30110960006712,25.89812922477722,26.968317890167235,1.0,0.9923845505638235,1.0,0.007615449436176536,0.007615449436176536
113.0,0.0,116.23454675674436,25.89812922477722,27.30467848777771,1.0,0.9912579074000507,1.0,0.008742092599949292,0.008742092599949292
113.0,0.0,116.16798391342162,25.89812922477722,27.48663511276245,1.0,0.9912579074000507,1.0,0.008742092599949292,0.008742092599949292
113.0,0.0,116.10142107009887,25.89812922477722,27.668591737747192,1.0,0.9912579074000507,1.0,0.008742092599949292,0.008742092599949292
108.0,0.0,116.03485822677611,25.89812922477722,27.850548362731935,1.0,0.9844606119971129,1.0,0.015539388002887122,0.015539388002887122
102.0,0.0,115.96829538345335,25.89812922477722,28.032504987716674,1.0,0.9737481074394894,1.0,0.026251892560510637,0.026251892560510637
95.0,0.0,115.90173254013061,25.89812922477722,28.214461612701417,1.0,0.9577477609744116,1.0,0.04225223902558839,0.04225223902558839
95.0,0.0,115.83516969680787,25.89812922477722,28.396418237686156,1.0,0.9577477609744116,1.0,0.04225223902558839,0.04225223902558839
90.0,0.0,115.76860685348511,25.89812922477722,28.5783748626709,1.0,0.944036270474498,1.0,0.05596372952550199,0.05596372952550199
91.0,0.0,115.70204401016235,25.89812922477722,28.5783748626709,1.0,0.9469291603872075,1.0,0.053070839612792464,0.053070839612792464
89.0,0.0,115.6354811668396,25.89812922477722,28.5783748626709,1.0,0.9410686466588328,1.0,0.05893135334116717,0.05893135334116717
89.0,0.0,115.56891832351684,25.89812922477722,28.5783748626709,1.0,0.9410686466588328,1.0,0.05893135334116717,0.05893135334116717
90.0,0.0,115.56891832351684,25.89812922477722,28.5783748626709,1.0,0.944036270474498,1.0,0.05596372952550199,0.05596372952550199
91.0,0.0,115.56891832351684,25.89812922477722,28.5783748626709,1.0,0.9469291603872075,1.0,0.053070839612792464,0.053070839612792464
91.0,0.0,115.56891832351684,25.89812922477722,28.5783748626709,1.0,0.9469291603872075,1.0,0.053070839612792464,0.053070839612792464
91.0,0.0,115.6354811668396,25.89812922477722,28.5783748626709,1.0,0.9469291603872075,1.0,0.053070839612792464,0.053070839612792464
92.0,0.0,115.70204401016235,25.89812922477722,28.5783748626709,1.0,0.9497470188999768,1.0,0.050252981100023186,0.050252981100023186
90.0,0.0,115.76860685348511,25.89812922477722,28.5783748626709,1.0,0.944036270474498,1.0,0.05596372952550199,0.05596372952550199
90.0,0.0,115.83516969680787,25.89812922477722,28.5783748626709,1.0,0.944036270474498,1.0,0.05596372952550199,0.05596372952550199
89.0,0.0,115.90173254013061,25.768822717666627,28.5783748626709,1.0,0.944036270474498,1.0,0.05893135334116717,0.05893135334116717
89.0,0.0,115.96829538345337,25.63951621055603,28.5783748626709,1.0,0.9410686466588328,1.0,0.05893135334116717,0.05893135334116717
89.0,0.0,116.03485822677612,25.510209703445433,28.5783748626709,1.0,0.9410686466588328,1.0,0.05893135334116717,0.05893135334116717
89.0,0.0,116.10142107009888,25.380903196334838,28.5783748626709,1.0,0.9410686466588328,1.0,0.05893135334116717,0.05893135334116717
91.0,0.0,116.16798391342164,25.251596689224243,28.5783748626709,1.0,0.9469291603872075,1.0,0.053070839612792464,0.053070839612792464
91.0,0.0,116.23454675674438,25.122290182113648,28.5783748626709,1.0,0.9469291603872075,1.0,0.053070839612792464,0.053070839612792464
91.0,0.0,115.44506778717042,24.992983675003053,28.800160074234007,1.0,0.9469291603872075,1.0,0.053070839612792464,0.053070839612792464
91.0,0.0,114.65558881759642,24.863677167892455,29.02194528579712,1.0,0.9469291603872075,1.0,0.053070839612792464,0.053070839612792464
91.0,0.0,113.79954700469969,24.73437066078186,29.24373049736023,1.0,0.9469291603872075,1.0,0.053070839612792464,0.053070839612792464
90.0,0.0,112.94350519180297,24.605064153671265,29.46551570892334,1.0,0.944036270474498,1.0,0.05596372952550199,0.05596372952550199
89.0,0.0,112.08746337890624,24.47575764656067,29.68730092048645,1.0,0.9410686466588328,1.0,0.05893135334116717,0.05893135334116717
89.0,0.0,111.2314215660095,24.346451139450075,29.90908613204956,1.0,0.9410686466588328,1.0,0.05893135334116717,0.05893135334116717
90.0,0.0,110.3753797531128,24.217144632339476,30.316374349594117,1.0,0.944036270474498,1.0,0.05596372952550199,0.05596372952550199
89.0,0.0,109.51933794021606,24.08783812522888,30.72366256713867,1.0,0.9410686466588328,1.0,0.05893135334116717,0.05893135334116717
89.0,0.0,108.66329612731934,23.958531618118283,31.13095078468323,1.0,0.9410686466588328,1.0,0.05893135334116717,0.05893135334116717
88.0,0.0,107.80725431442261,23.958531618118283,31.538239002227783,1.0,0.9380266099260274,1.0,0.06197339007397262,0.06197339007397262
88.0,0.0,106.95121250152587,23.958531618118283,31.945527219772337,1.0,0.9380266099260274,1.0,0.06197339007397262,0.06197339007397262
89.0,0.0,106.09517068862915,23.958531618118283,32.35281543731689,1.0,0.9410686466588328,1.0,0.05893135334116717,0.05893135334116717
89.0,0.0,104.96005597114564,23.958531618118283,32.81029858589172,1.0,0.9410686466588328,1.0,0.05893135334116717,0.05893135334116717
89.0,0.0,103.8249412536621,23.958531618118283,33.26778173446655,1.0,0.9410686466588328,1.0,0.05893135334116717,0.05893135334116717
87.0,0.0,102.68982653617859,23.958531618118283,33.72526488304138,1.0,0.9349105058241749,1.0,0.0650894941758251,0.0650894941758251
88.0,0.0,102.4107536315918,23.958531618118283,33.9609628200531,1.0,0.9380266099260274,1.0,0.06197339007397262,0.06197339007397262
87.0,0.0,102.131680727005,23.958531618118283,34.19666075706482,1.0,0.9349105058241749,1.0,0.0650894941758251,0.0650894941758251
89.0,0.0,101.41094698905945,23.958531618118283,34.43235869407654,1.0,0.9410686466588328,1.0,0.05893135334116717,0.05893135334116717
89.0,0.0,100.69021325111389,23.90042552947998,34.668056631088255,1.0,0.9410686466588328,1.0,0.05893135334116717,0.05893135334116717
89.0,0.0,99.96947951316834,23.84231944084167,34.90375456809998,1.0,0.9410686466588328,1.0,0.05893135334116717,0.05893135334116717
89.0,0.0,99.24874577522277,23.784213352203366,35.13945250511169,1.0,0.9410686466588328,1.0,0.05893135334116717,0.05893135334116717
92.0,0.0,98.52801203727722,23.72610726356506,35.18964743614197,1.0,0.9497470188999768,1.0,0.050252981100023186,0.050252981100023186
101.0,0.0,97.80727829933167,23.668001174926758,35.239842367172244,1.0,0.9716925104137871,1.0,0.028307489586212875,0.028307489586212875
101.0,0.0,97.0865445613861,23.609895086288454,35.29003729820251,1.0,0.9716925104137871,1.0,0.028307489586212875,0.028307489586212875
100.0,0.0,96.36581082344055,23.551788997650146,35.34023222923279,1.0,0.9695599685817969,1.0,0.030440031418203062,0.030440031418203062
103.0,0.0,95.64507708549499,23.49368290901184,35.39042716026306,1.0,0.9757266525087508,1.0,0.02427334749124921,0.02427334749124921
103.0,0.0,94.92434334754944,23.435576820373534,35.440622091293335,1.0,0.9757266525087508,1.0,0.02427334749124921,0.02427334749124921
102.0,0.0,94.48268251419067,23.37747073173523,35.440622091293335,1.0,0.9737481074394894,1.0,0.026251892560510637,0.026251892560510637
102.0,0.0,94.0410216808319,23.319364643096925,35.440622091293335,1.0,0.9737481074394894,1.0,0.026251892560510637,0.026251892560510637
102.0,0.0,93.21580610275268,23.261258554458617,35.39042716026306,1.0,0.9737481074394894,1.0,0.026251892560510637,0.026251892560510637
102.0,0.0,92.39059052467346,23.36901397705078,35.34023222923279,1.0,0.9737481074394894,1.0,0.026251892560510637,0.026251892560510637
102.0,0.0,91.56537494659423,23.476769399642944,35.29003729820251,1.0,0.9737481074394894,1.0,0.026251892560510637,0.026251892560510637
102.0,0.0,91.18182020187378,23.584524822235107,35.239842367172244,1.0,0.9737481074394894,1.0,0.026251892560510637,0.026251892560510637
102.0,0.0,90.79826545715332,23.750386333465578,35.18964743614197,1.0,0.9737481074394894,1.0,0.026251892560510637,0.026251892560510637
101.0,0.0,90.41471071243286,23.916247844696045,35.13945250511169,1.0,0.9716925104137871,1.0,0.028307489586212875,0.028307489586212875
103.0,0.0,90.03115596771241,24.082109355926512,34.45854735374451,1.0,0.9716925104137871,1.0,0.028307489586212875,0.028307489586212875
103.0,0.0,89.64760122299194,24.247970867156983,33.77764220237732,1.0,0.9757266525087508,1.0,0.02427334749124921,0.02427334749124921
103.0,0.0,89.26404647827148,24.41383237838745,33.09673705101013,1.0,0.9757266525087508,1.0,0.02427334749124921,0.02427334749124921
109.0,0.0,88.88049173355103,24.57969388961792,32.415831899642946,1.0,0.9859751857043588,1.0,0.014024814295641175,0.014024814295641175
112.0,0.0,88.49693698883057,24.74555540084839,31.734926748275758,1.0,0.9859751857043588,1.0,0.014024814295641175,0.014024814295641175
112.0,0.0,88.11338224411011,24.911416912078856,31.05402159690857,1.0,0.9900536254420992,1.0,0.009946374557900817,0.009946374557900817
126.0,0.0,87.40737962722778,25.077278423309327,30.37311644554138,1.0,0.999844575253975,1.0,0.00015542474602503464,0.00015542474602503464
128.0,0.0,86.70137701034545,25.243139934539794,29.692211294174193,1.0,1.0,1.0,0.0,0.0
128.0,0.0,85.99537439346314,25.409001445770265,29.01130614280701,1.0,1.0,1.0,0.0,0.0
128.0,0.0,85.67292652130126,25.574862957000732,28.380595922470093,1.0,1.0,1.0,0.0,0.0
128.0,0.0,85.3504786491394,25.574862957000732,27.749885702133177,1.0,1.0,1.0,0.0,0.0
128.0,0.0,85.02803077697754,25.574862957000732,27.119175481796265,1.0,1.0,1.0,0.0,0.0
128.0,0.0,84.65047760009766,25.574862957000732,26.431450366973877,1.0,1.0,1.0,0.0,0.0
128.0,0.0,84.27292442321777,25.670615243911744,25.74372525215149,1.0,1.0,1.0,0.0,0.0
128.0,0.0,83.89537124633789,25.766367530822755,25.0560001373291,1.0,1.0,1.0,0.0,0.0
128.0,0.0,83.517818069458,25.862119817733763,24.998985242843627,1.0,1.0,1.0,0.0,0.0
128.0,0.0,83.14026489257813,25.957872104644775,24.941970348358154,1.0,1.0,1.0,0.0,0.0
128.0,0.0,82.76271171569825,26.053624391555786,24.88495545387268,1.0,1.0,1.0,0.0,0.0
128.0,0.0,82.27985830307007,26.149376678466798,24.82794055938721,1.0,1.0,1.0,0.0,0.0
128.0,0.0,81.7970048904419,26.376890659332275,24.770925664901732,1.0,1.0,1.0,0.0,0.0
128.0,0.0,81.31415147781372,26.604404640197753,24.71391077041626,1.0,1.0,1.0,0.0,0.0
128.0,0.0,81.15374593734741,26.83191862106323,24.656895875930786,1.0,1.0,1.0,0.0,0.0
128.0,0.0,80.99334039688111,27.059432601928712,24.599880981445313,1.0,1.0,1.0,0.0,0.0
128.0,0.0,80.8329348564148,27.28694658279419,24.54286608695984,1.0,1.0,1.0,0.0,0.0
128.0,0.0,80.67252931594848,27.514460563659668,24.485851192474364,1.0,1.0,1.0,0.0,0.0
128.0,0.0,80.30970726013183,27.741974544525146,24.423107528686522,1.0,1.0,1.0,0.0,0.0
128.0,0.0,79.94688520431518,27.969488525390624,24.36036386489868,1.0,1.0,1.0,0.0,0.0
128.0,0.0,79.63916845321656,28.197002506256105,24.354635095596315,1.0,1.0,1.0,0.0,0.0
128.0,0.0,79.33145170211792,28.32876420021057,24.348906326293946,1.0,1.0,1.0,0.0,0.0
128.0,0.0,79.02373495101929,28.460525894165038,24.343177556991577,1.0,1.0,1.0,0.0,0.0
128.0,0.0,78.71601819992065,28.592287588119508,24.33744878768921,1.0,1.0,1.0,0.0,0.0
128.0,0.0,78.34883136749268,28.724049282073974,24.33172001838684,1.0,1.0,1.0,0.0,0.0
128.0,0.0,77.9816445350647,28.855810976028444,24.325991249084474,1.0,1.0,1.0,0.0,0.0
128.0,0.0,77.71975793838502,28.98757266998291,24.320262479782105,1.0,1.0,1.0,0.0,0.0
128.0,0.0,77.45787134170533,28.98757266998291,24.314533710479736,1.0,1.0,1.0,0.0,0.0
128.0,0.0,77.19598474502564,28.98757266998291,24.308804941177367,1.0,1.0,1.0,0.0,0.0
128.0,0.0,76.93409814834595,28.98757266998291,24.303076171875,1.0,1.0,1.0,0.0,0.0
128.0,0.0,76.67221155166627,28.98757266998291,24.297347402572633,1.0,1.0,1.0,0.0,0.0
128.0,0.0,76.41032495498658,28.98757266998291,24.291618633270264,1.0,1.0,1.0,0.0,0.0
128.0,0.0,76.14843835830689,28.98757266998291,24.285889863967896,1.0,1.0,1.0,0.0,0.0
128.0,0.0,76.08896827697754,28.98757266998291,24.285889863967896,1.0,1.0,1.0,0.0,0.0
128.0,0.0,76.02949819564819,28.98757266998291,24.285889863967896,1.0,1.0,1.0,0.0,0.0
128.0,0.0,75.97002811431885,28.98757266998291,24.285889863967896,1.0,1.0,1.0,0.0,0.0
128.0,0.0,75.9105580329895,28.98757266998291,24.285889863967896,1.0,1.0,1.0,0.0,0.0
128.0,0.0,75.85108795166016,28.855810976028444,24.285889863967896,1.0,1.0,1.0,0.0,0.0
128.0,0.0,75.7916178703308,28.724049282073974,24.291618633270264,1.0,1.0,1.0,0.0,0.0
128.0,0.0,75.7916178703308,28.592287588119508,24.297347402572633,1.0,1.0,1.0,0.0,0.0
128.0,0.0,75.7916178703308,28.460525894165038,24.303076171875,1.0,1.0,1.0,0.0,0.0
128.0,0.0,75.7916178703308,28.32876420021057,24.308804941177367,1.0,1.0,1.0,0.0,0.0
128.0,0.0,75.7916178703308,28.197002506256105,24.314533710479736,1.0,1.0,1.0,0.0,0.0
128.0,0.0,75.7916178703308,28.065240812301635,24.320262479782105,1.0,1.0,1.0,0.0,0.0
128.0,0.0,75.37150812149046,27.93347911834717,24.325991249084474,1.0,1.0,1.0,0.0,0.0
128.0,0.0,74.95139837265015,27.8017174243927,24.461026525497438,1.0,1.0,1.0,0.0,0.0
128.0,0.0,74.53128862380981,27.669955730438232,24.596061801910402,1.0,1.0,1.0,0.0,0.0
128.0,0.0,74.11117887496948,27.538194036483766,24.731097078323366,1.0,1.0,1.0,0.0,0.0
128.0,0.0,73.69106912612915,27.406432342529296,24.86613235473633,1.0,1.0,1.0,0.0,0.0
128.0,0.0,73.27095937728882,27.27467064857483,25.001167631149293,1.0,1.0,1.0,0.0,0.0
128.0,0.0,72.76982846260071,27.14290895462036,25.136202907562257,1.0,1.0,1.0,0.0,0.0
128.0,0.0,72.2686975479126,27.0046000957489,25.27123818397522,1.0,1.0,1.0,0.0,0.0
128.0,0.0,71.76756663322449,26.998052930831907,25.406273460388185,1.0,1.0,1.0,0.0,0.0
128.0,0.0,71.26643571853637,26.991505765914912,25.53557996749878,1.0,1.0,1.0,0.0,0.0
128.0,0.0,70.76530480384827,26.98495860099792,25.664886474609375,1.0,1.0,1.0,0.0,0.0
128.0,0.0,70.26417388916016,26.97841143608093,25.79419298171997,1.0,1.0,1.0,0.0,0.0
128.0,0.0,69.76304297447204,26.97186427116394,25.923499488830565,1.0,1.0,1.0,0.0,0.0
128.0,0.0,69.08213782310486,26.95276837348938,26.052805995941164,1.0,1.0,1.0,0.0,0.0
128.0,0.0,68.40123267173767,26.93367247581482,26.18211250305176,1.0,1.0,1.0,0.0,0.0
128.0,0.0,68.14043726921082,26.91457657814026,26.31141901016235,1.0,1.0,1.0,0.0,0.0
128.0,0.0,67.87964186668395,26.8954806804657,26.31141901016235,1.0,1.0,1.0,0.0,0.0
128.0,0.0,67.6188464641571,26.87638478279114,26.31141901016235,1.0,1.0,1.0,0.0,0.0
128.0,0.0,67.35805106163025,26.857288885116578,26.31141901016235,1.0,1.0,1.0,0.0,0.0
128.0,0.0,66.96003799438476,26.831373023986817,26.31141901016235,1.0,1.0,1.0,0.0,0.0
128.0,0.0,66.56202492713928,26.805457162857056,26.347974014282222,1.0,1.0,1.0,0.0,0.0
128.0,0.0,66.24503302574158,26.779541301727296,26.384529018402095,1.0,1.0,1.0,0.0,0.0
128.0,0.0,65.92804112434388,26.760172605514526,26.42108402252197,1.0,1.0,1.0,0.0,0.0
128.0,0.0,65.61104922294616,26.740803909301757,26.457639026641843,1.0,1.0,1.0,0.0,0.0
128.0,0.0,65.29405732154846,26.721435213088988,26.494194030761715,1.0,1.0,1.0,0.0,0.0
122.0,0.0,64.8354829788208,26.702066516876222,26.53074903488159,1.0,0.9986011795091359,1.0,0.00139882049086415,0.00139882049086415
122.0,0.0,64.37690863609313,26.664420318603515,26.742440700531006,1.0,0.9986011795091359,1.0,0.00139882049086415,0.00139882049086415
103.0,0.0,63.918334293365476,26.62677412033081,26.95413236618042,1.0,0.9757266525087508,1.0,0.02427334749124921,0.02427334749124921
83.0,0.0,63.6395341873169,26.601676654815673,27.165824031829835,1.0,0.9217132463729055,1.0,0.07828675362709447,0.07828675362709447
83.0,0.0,63.36073408126831,26.57657918930054,27.377515697479247,1.0,0.9217132463729055,1.0,0.07828675362709447,0.07828675362709447
68.0,0.0,63.08193397521973,26.5514817237854,27.58920736312866,1.0,0.8623058430754558,1.0,0.13769415692454423,0.13769415692454423
43.0,0.0,62.59471578598023,26.526384258270262,27.800899028778076,1.0,0.7355947537804353,1.0,0.26440524621956474,0.26440524621956474
22.0,0.0,62.10749759674072,26.501286792755128,28.01259069442749,1.0,0.617311339256079,1.0,0.38268866074392105,0.38268866074392105
22.0,0.0,61.62027940750122,26.47618932723999,28.231102323532106,1.0,0.617311339256079,1.0,0.38268866074392105,0.38268866074392105
6.0,0.0,61.27027888298035,26.457911825180055,28.449613952636717,1.0,0.5305167623943126,1.0,0.46948323760568744,0.46948323760568744
0.0,0.0,60.92027835845947,26.439634323120117,28.63157057762146,1.0,0.5,1.0,0.5,0.5
0.0,0.0,60.5702778339386,26.42135682106018,28.813527202606203,1.0,0.5,1.0,0.5,0.5
0.0,0.0,60.220277309417725,26.403079319000245,28.99548382759094,1.0,0.5,1.0,0.5,0.5
0.0,0.0,59.86673040390015,26.409899282455445,29.177440452575684,1.0,0.5,1.0,0.5,0.5
0.0,0.0,59.51318349838257,26.416719245910645,29.415320777893065,1.0,0.5,1.0,0.5,0.5
0.0,0.0,59.30121903419494,26.423539209365845,29.65320110321045,1.0,0.5,1.0,0.5,0.5
0.0,0.0,59.08925457000733,26.44863667488098,29.71594476699829,1.0,0.5,1.0,0.5,0.5
0.0,0.0,58.877290105819704,26.473734140396118,29.778688430786133,1.0,0.5,1.0,0.5,0.5
0.0,0.0,58.66532564163208,26.498831605911256,29.841432094573975,1.0,0.5,1.0,0.5,0.5
0.0,0.0,58.315870714187625,26.52392907142639,29.904175758361816,1.0,0.5,1.0,0.5,0.5
0.0,0.0,57.966415786743156,26.561575269699098,30.161697578430175,1.0,0.5,1.0,0.5,0.5
0.0,0.0,57.825378942489614,26.5992214679718,30.419219398498534,1.0,0.5,1.0,0.5,0.5
0.0,0.0,57.68434209823608,26.636867666244505,30.676741218566896,1.0,0.5,1.0,0.5,0.5
0.0,0.0,57.54330525398254,26.674513864517213,30.927443075180054,1.0,0.5,1.0,0.5,0.5
0.0,0.0,57.402268409729,26.712160062789916,31.178144931793213,1.0,0.5,1.0,0.5,0.5
0.0,0.0,56.9627899646759,26.749806261062623,31.42884678840637,1.0,0.5,1.0,0.5,0.5
0.0,0.0,56.523311519622794,26.787452459335327,31.67954864501953,1.0,0.5,1.0,0.5,0.5
0.0,0.0,56.0838330745697,26.82509865760803,32.70936312675476,1.0,0.5,1.0,0.5,0.5
0.0,0.0,55.6479010105133,26.8376473903656,33.73917760848999,1.0,0.5,1.0,0.5,0.5
0.0,0.0,55.2119689464569,26.85019612312317,34.71306838989258,1.0,0.5,1.0,0.5,0.5
0.0,0.0,54.77603688240051,26.862744855880738,35.686959171295165,1.0,0.5,1.0,0.5,0.5
0.0,0.0,54.340104818344116,26.875293588638307,36.66084995269775,1.0,0.5,1.0,0.5,0.5
0.0,0.0,53.90417275428772,26.887842321395873,37.63474073410034,1.0,0.5,1.0,0.5,0.5
0.0,0.0,53.468240690231326,26.90039105415344,39.62016849517822,1.0,0.5,1.0,0.5,0.5
0.0,0.0,53.16979908943176,26.91293978691101,41.605596256256106,1.0,0.5,1.0,0.5,0.5
0.0,0.0,52.8713574886322,26.91293978691101,43.396245861053465,1.0,0.5,1.0,0.5,0.5
0.0,0.0,52.44933815002442,26.68160662651062,45.18689546585083,1.0,0.5,1.0,0.5,0.5
0.0,0.0,52.02731881141663,26.45027346611023,46.97754507064819,1.0,0.5,1.0,0.5,0.5
0.0,0.0,51.60529947280884,26.21894030570984,48.76819467544556,1.0,0.5,1.0,0.5,0.5
0.0,0.0,51.18328013420105,25.987607145309447,50.55884428024292,1.0,0.5,1.0,0.5,0.5
0.0,0.0,51.05970239639282,25.756273984909058,52.34949388504028,1.0,0.5,1.0,0.5,0.5
0.0,0.0,50.936124658584596,25.52494082450867,54.14014348983765,1.0,0.5,1.0,0.5,0.5
0.0,0.0,50.71297545433045,25.293607664108276,55.15168046951294,1.0,0.5,1.0,0.5,0.5
0.0,0.0,50.48982625007629,25.062274503707886,56.16321744918823,1.0,0.5,1.0,0.5,0.5
0.0,0.0,50.26667704582214,24.830941343307494,57.17475442886352,1.0,0.5,1.0,0.5,0.5
0.0,0.0,50.04352784156799,24.599608182907104,58.18629140853882,1.0,0.5,1.0,0.5,0.5
0.0,0.0,49.820378637313844,24.368275022506715,59.19782838821411,1.0,0.5,1.0,0.5,0.5
0.0,0.0,49.597229433059695,24.136941862106323,60.2093653678894,1.0,0.5,1.0,0.5,0.5
0.0,0.0,49.37408022880554,24.299256992340087,60.2093653678894,1.0,0.5,1.0,0.5,0.5
0.0,0.0,49.15093102455139,24.461572122573852,60.2093653678894,1.0,0.5,1.0,0.5,0.5
0.0,0.0,48.92778182029724,24.623887252807616,60.2093653678894,1.0,0.5,1.0,0.5,0.5
0.0,0.0,48.82821035385132,25.017535543441774,60.2093653678894,1.0,0.5,1.0,0.5,0.5
0.0,0.0,48.728638887405396,25.411183834075928,60.2093653678894,1.0,0.5,1.0,0.5,0.5
0.0,0.0,48.62906742095947,25.80483212471008,60.2093653678894,1.0,0.5,1.0,0.5,0.5
0.0,0.0,48.52949595451355,26.315510988235474,60.2093653678894,1.0,0.5,1.0,0.5,0.5
0.0,0.0,48.42992448806763,26.826189851760866,60.2093653678894,1.0,0.5,1.0,0.5,0.5
0.0,0.0,48.3303530216217,27.336868715286254,61.037581729888906,1.0,0.5,1.0,0.5,0.5
0.0,0.0,48.3303530216217,27.847547578811646,61.86579809188842,1.0,0.5,1.0,0.5,0.5
0.0,0.0,48.3303530216217,28.358226442337035,62.69401445388793,1.0,0.5,1.0,0.5,0.5
0.0,0.0,48.3303530216217,28.868905305862427,63.52223081588745,1.0,0.5,1.0,0.5,0.5
0.0,0.0,48.3303530216217,29.37958416938782,64.35044717788695,1.0,0.5,1.0,0.5,0.5
0.0,0.0,48.3303530216217,29.890263032913207,65.17866353988647,1.0,0.5,1.0,0.5,0.5
0.0,0.0,48.3303530216217,30.400941896438596,66.00687990188598,1.0,0.5,1.0,0.5,0.5
0.0,0.0,48.3303530216217,30.51797246932983,66.8350962638855,1.0,0.5,1.0,0.5,0.5
0.0,0.0,48.3303530216217,30.635003042221065,67.66331262588501,1.0,0.5,1.0,0.5,0.5
0.0,0.0,48.3303530216217,30.7520336151123,68.49152898788452,1.0,0.5,1.0,0.5,0.5
0.0,0.0,48.313166713714594,31.083756637573238,69.31974534988403,1.0,0.5,1.0,0.5,0.5
0.0,0.0,48.29598040580749,31.415479660034176,70.14796171188354,1.0,0.5,1.0,0.5,0.5
0.0,0.0,48.27879409790038,31.747202682495114,70.97617807388306,1.0,0.5,1.0,0.5,0.5
0.0,0.0,48.26160778999328,31.961895132064814,71.8158519744873,1.0,0.5,1.0,0.5,0.5
0.0,0.0,48.244421482086175,32.176587581634514,72.65552587509156,1.0,0.5,1.0,0.5,0.5
0.0,0.0,48.22723517417907,32.39128003120422,72.66698341369629,1.0,0.5,1.0,0.5,0.5
0.0,0.0,48.21004886627197,32.61633882522583,72.67844095230103,1.0,0.5,1.0,0.5,0.5
0.0,0.0,48.19286255836486,32.84139761924744,72.68989849090576,1.0,0.5,1.0,0.5,0.5
0.0,0.0,48.175676250457755,33.066456413269044,72.70135602951049,1.0,0.5,1.0,0.5,0.5
0.0,0.0,48.15848994255065,33.29151520729065,73.06526927947998,1.0,0.5,1.0,0.5,0.5
0.0,0.0,48.14130363464355,33.51657400131226,73.42918252944946,1.0,0.5,1.0,0.5,0.5
0.0,0.0,48.124117326736446,33.741632795333864,73.79309577941895,1.0,0.5,1.0,0.5,0.5
0.0,0.0,48.106931018829336,34.077993392944336,74.15700902938843,1.0,0.5,1.0,0.5,0.5
0.0,0.0,48.08974471092223,34.41435399055481,74.5209222793579,1.0,0.5,1.0,0.5,0.5
0.0,0.0,48.07255840301513,34.75071458816528,74.88483552932739,1.0,0.5,1.0,0.5,0.5
0.0,0.0,48.07255840301513,34.872382736206056,75.24983997344971,1.0,0.5,1.0,0.5,0.5
0.0,0.0,48.07255840301513,34.994050884246825,75.61484441757202,1.0,0.5,1.0,0.5,0.5
0.0,0.0,48.07255840301513,35.1157190322876,75.97984886169434,1.0,0.5,1.0,0.5,0.5
0.0,0.0,48.12766370773315,35.23738718032837,76.33339576721191,1.0,0.5,1.0,0.5,0.5
0.0,0.0,48.18276901245117,35.38169760704041,76.68694267272949,1.0,0.5,1.0,0.5,0.5
0.0,0.0,48.23787431716918,35.52600803375244,77.04048957824708,1.0,0.5,1.0,0.5,0.5
0.0,0.0,48.2929796218872,35.659952116012576,77.39403648376465,1.0,0.5,1.0,0.5,0.5
0.0,0.0,48.348084926605225,35.793896198272705,77.74758338928223,1.0,0.5,1.0,0.5,0.5
0.0,0.0,48.403190231323244,35.927840280532834,78.1011302947998,1.0,0.5,1.0,0.5,0.5
0.0,0.0,48.45829553604126,36.06178436279297,78.10222148895264,1.0,0.5,1.0,0.5,0.5
0.0,0.0,48.513400840759275,36.57901039123535,78.10331268310547,1.0,0.5,1.0,0.5,0.5
0.0,0.0,48.56850614547729,37.09623641967774,78.1044038772583,1.0,0.5,1.0,0.5,0.5
0.0,0.0,48.62361145019531,37.50216064453125,78.10549507141113,1.0,0.5,1.0,0.5,0.5
0.0,0.0,48.67871675491333,37.908084869384766,78.10658626556396,1.0,0.5,1.0,0.5,0.5
0.0,0.0,48.73382205963135,38.31400909423828,78.1076774597168,1.0,0.5,1.0,0.5,0.5
0.0,0.0,48.78892736434936,38.719933319091794,78.1076774597168,1.0,0.5,1.0,0.5,0.5
0.0,0.0,48.84403266906738,39.2311577796936,78.1076774597168,1.0,0.5,1.0,0.5,0.5
0.0,0.0,48.8991379737854,39.74238224029541,78.1076774597168,1.0,0.5,1.0,0.5,0.5
0.0,0.0,48.8991379737854,40.253606700897215,78.1076774597168,1.0,0.5,1.0,0.5,0.5
0.0,0.0,48.8991379737854,40.74218888282776,78.1076774597168,1.0,0.5,1.0,0.5,0.5
0.0,0.0,48.8991379737854,41.2307710647583,78.1076774597168,1.0,0.5,1.0,0.5,0.5
0.0,0.0,48.8991379737854,41.71935324668884,78.1076774597168,1.0,0.5,1.0,0.5,0.5
0.0,0.0,48.8991379737854,42.207935428619386,78.1076774597168,1.0,0.5,1.0,0.5,0.5
0.0,0.0,48.8991379737854,42.696517610549925,78.1076774597168,1.0,0.5,1.0,0.5,0.5
0.0,0.0,48.8991379737854,43.18509979248047,78.1076774597168,1.0,0.5,1.0,0.5,0.5
0.0,0.0,48.8991379737854,43.29040002822876,78.1076774597168,1.0,0.5,1.0,0.5,0.5
0.0,0.0,48.8991379737854,43.39570026397705,78.1076774597168,1.0,0.5,1.0,0.5,0.5
0.0,0.0,48.8991379737854,43.50100049972534,78.1076774597168,1.0,0.5,1.0,0.5,0.5
0.0,0.0,48.8991379737854,43.9222014427185,78.1076774597168,1.0,0.5,1.0,0.5,0.5
0.0,0.0,48.8991379737854,44.34340238571167,78.1076774597168,1.0,0.5,1.0,0.5,0.5
0.0,0.0,48.8991379737854,44.76460332870484,78.1076774597168,1.0,0.5,1.0,0.5,0.5
0.0,0.0,48.8991379737854,45.08050403594971,78.10658626556396,1.0,0.5,1.0,0.5,0.5
0.0,0.0,48.8991379737854,45.39640474319458,78.10549507141113,1.0,0.5,1.0,0.5,0.5
0.0,0.0,48.8991379737854,45.71230545043945,78.1044038772583,1.0,0.5,1.0,0.5,0.5
0.0,0.0,48.8991379737854,46.02820615768432,78.10331268310547,1.0,0.5,1.0,0.5,0.5
0.0,0.0,48.8991379737854,46.3441068649292,78.10222148895264,1.0,0.5,1.0,0.5,0.5
0.0,0.0,48.8991379737854,46.660007572174074,78.1011302947998,1.0,0.5,1.0,0.5,0.5
0.0,0.0,48.8991379737854,46.975908279418945,78.10003910064697,1.0,0.5,1.0,0.5,0.5
0.0,0.0,49.31788372993469,47.29180898666382,78.09894790649415,1.0,0.5,1.0,0.5,0.5
0.0,0.0,49.736629486083984,47.60770969390869,78.09785671234131,1.0,0.5,1.0,0.5,0.5
0.0,0.0,50.155375242233276,47.92361040115357,78.09676551818848,1.0,0.5,1.0,0.5,0.5
0.0,0.0,50.57412099838257,48.23951110839844,78.09567432403564,1.0,0.5,1.0,0.5,0.5
0.0,0.0,50.99286675453186,48.55541181564331,78.0945831298828,1.0,0.5,1.0,0.5,0.5
0.0,0.0,51.41161251068115,48.55541181564331,77.48242321014405,1.0,0.5,1.0,0.5,0.5
0.0,0.0,51.830358266830444,48.55541181564331,76.87026329040528,1.0,0.5,1.0,0.5,0.5
0.0,0.0,52.249104022979736,48.55541181564331,76.2581033706665,1.0,0.5,1.0,0.5,0.5
0.0,0.0,52.66784977912903,48.55541181564331,75.64703464508057,1.0,0.5,1.0,0.5,0.5
0.0,0.0,53.08659553527832,48.55541181564331,75.03596591949463,1.0,0.5,1.0,0.5,0.5
0.0,0.0,53.50534129142761,48.55541181564331,74.00287785530091,1.0,0.5,1.0,0.5,0.5
0.0,0.0,53.924087047576904,48.55541181564331,72.96978979110717,1.0,0.5,1.0,0.5,0.5
0.0,0.0,54.342832803726196,48.55541181564331,71.93670172691345,1.0,0.5,1.0,0.5,0.5
0.0,0.0,54.76157855987549,48.55541181564331,70.90361366271972,1.0,0.5,1.0,0.5,0.5
0.0,0.0,55.18032431602477,48.55541181564331,69.870525598526,1.0,0.5,1.0,0.5,0.5
0.0,0.0,55.18032431602477,48.55541181564331,68.83743753433228,1.0,0.5,1.0,0.5,0.5
0.0,0.0,55.18032431602477,48.55541181564331,67.80434947013855,1.0,0.5,1.0,0.5,0.5
0.0,0.0,55.18032431602477,48.55541181564331,66.77126140594483,1.0,0.5,1.0,0.5,0.5
0.0,0.0,55.060020160675045,48.55541181564331,65.7381733417511,1.0,0.5,1.0,0.5,0.5
0.0,0.0,54.93971600532531,48.55541181564331,64.70508527755737,1.0,0.5,1.0,0.5,0.5
0.0,0.0,54.81941184997558,48.55541181564331,64.28306593894959,1.0,0.5,1.0,0.5,0.5
0.0,0.0,54.699107694625845,48.55541181564331,63.861046600341794,1.0,0.5,1.0,0.5,0.5
0.0,0.0,54.578803539276116,48.55541181564331,63.23279156684875,1.0,0.5,1.0,0.5,0.5
0.0,0.0,54.45849938392639,48.55541181564331,62.60453653335571,1.0,0.5,1.0,0.5,0.5
0.0,0.0,54.33819522857665,48.55541181564331,61.97628149986267,1.0,0.5,1.0,0.5,0.5
0.0,0.0,54.21789107322692,47.74520015716553,61.770045804977414,1.0,0.5,1.0,0.5,0.5
3.0,0.0,54.09758691787719,46.934988498687744,61.56381011009216,1.0,0.5150927513206236,1.0,0.4849072486793764,0.4849072486793764
28.0,0.0,53.97728276252746,46.12477684020996,61.35757441520691,1.0,0.6511347865178437,1.0,0.34886521348215627,0.34886521348215627
28.0,0.0,53.85697860717773,45.31456518173218,60.5806441783905,1.0,0.6511347865178437,1.0,0.34886521348215627,0.34886521348215627
28.0,0.0,53.736674451827994,44.504353523254395,59.803713941574095,1.0,0.6511347865178437,1.0,0.34886521348215627,0.34886521348215627
28.0,0.0,53.616370296478266,43.69414186477661,59.02678370475769,1.0,0.6511347865178437,1.0,0.34886521348215627,0.34886521348215627
28.0,0.0,53.666565227508535,42.623134803771975,58.249853467941286,1.0,0.6511347865178437,1.0,0.34886521348215627,0.34886521348215627
59.0,0.0,53.71676015853881,41.55212774276733,57.47292323112488,1.0,0.8199638829070642,1.0,0.18003611709293577,0.18003611709293577
59.0,0.0,53.887259244918816,40.4811206817627,56.69599299430847,1.0,0.8199638829070642,1.0,0.18003611709293577,0.18003611709293577
88.0,0.0,54.05775833129882,39.410113620758054,55.919062757492064,1.0,0.9380266099260274,1.0,0.06197339007397262,0.06197339007397262
113.0,0.0,54.228257417678826,38.33910655975342,55.14213252067566,1.0,0.9912579074000507,1.0,0.008742092599949292,0.008742092599949292
128.0,0.0,54.39875650405883,37.26809949874878,54.365202283859254,1.0,1.0,1.0,0.0,0.0
128.0,0.0,54.569255590438836,35.395064735412596,53.7945077419281,1.0,1.0,1.0,0.0,0.0
128.0,0.0,54.73975467681884,33.52202997207642,53.22381319999695,1.0,1.0,1.0,0.0,0.0
128.0,0.0,54.910253763198845,31.648995208740235,52.44579176902771,1.0,1.0,1.0,0.0,0.0
128.0,0.0,55.08075284957885,30.586172103881836,51.667770338058475,1.0,1.0,1.0,0.0,0.0
128.0,0.0,55.251251935958855,29.523348999023437,50.889748907089235,1.0,1.0,1.0,0.0,0.0
128.0,0.0,55.42175102233886,28.460525894165038,50.111727476119995,1.0,1.0,1.0,0.0,0.0
128.0,0.0,55.592250108718865,27.33468632698059,49.90440058708191,1.0,1.0,1.0,0.0,0.0
128.0,0.0,55.76274919509887,26.208846759796142,49.69707369804382,1.0,1.0,1.0,0.0,0.0
128.0,0.0,55.933248281478875,25.083007192611696,49.383355379104614,1.0,1.0,1.0,0.0,0.0
141.0,0.0,55.933248281478875,24.217963027954102,49.069637060165405,1.0,1.0,0.9934335372295651,0.006566462770434933,0.006566462770434933
151.0,0.0,55.933248281478875,23.35291886329651,48.755918741226196,1.0,1.0,0.9794522152254984,0.020547784774501587,0.020547784774501587
151.0,0.0,55.933248281478875,22.487874698638915,48.44220042228699,1.0,1.0,0.9716925104137871,0.028307489586212875,0.028307489586212875
155.0,0.0,55.933248281478875,21.55326690673828,48.12848210334778,1.0,1.0,0.9716925104137871,0.028307489586212875,0.028307489586212875
169.0,0.0,55.933248281478875,20.618659114837648,47.81476378440857,1.0,1.0,0.9349105058241749,0.0650894941758251,0.0650894941758251
174.0,0.0,55.933248281478875,19.684051322937012,47.427935457229616,1.0,1.0,0.9182329232023972,0.08176707679760276,0.08176707679760276
182.0,0.0,55.933248281478875,19.55147123336792,47.04110713005066,1.0,1.0,0.8878694814708248,0.11213051852917522,0.11213051852917522
182.0,0.0,55.933248281478875,19.418891143798827,46.654278802871694,1.0,1.0,0.8878694814708248,0.11213051852917522,0.11213051852917522
191.0,0.0,55.933248281478875,19.286311054229735,46.474777364730826,1.0,1.0,0.8486945999881443,0.15130540001185566,0.15130540001185566
201.0,0.0,55.933248281478875,19.153730964660646,46.295275926589966,1.0,1.0,0.7998061658701761,0.20019383412982394,0.20019383412982394
203.0,0.0,55.933248281478875,19.021150875091553,45.62146353721619,1.0,1.0,0.7894609728719805,0.21053902712801953,0.21053902712801953
207.0,0.0,55.933248281478875,18.88857078552246,44.94765114784241,1.0,1.0,0.7683015735695967,0.23169842643040328,0.23169842643040328
207.0,0.0,55.933248281478875,18.81900715827942,44.27383875846863,1.0,1.0,0.7683015735695967,0.23169842643040328,0.23169842643040328
207.0,0.0,55.933248281478875,18.749443531036377,43.60002636909485,1.0,1.0,0.7683015735695967,0.23169842643040328,0.23169842643040328
207.0,0.0,55.933248281478875,18.679879903793335,43.03260540962219,1.0,1.0,0.7683015735695967,0.23169842643040328,0.23169842643040328
212.0,0.0,55.933248281478875,18.63541374206543,42.465184450149536,1.0,1.0,0.7411132469018915,0.2588867530981085,0.2588867530981085
212.0,0.0,55.933248281478875,18.590947580337524,41.86584606170654,1.0,1.0,0.7411132469018915,0.2588867530981085,0.2588867530981085
217.0,0.0,55.933248281478875,18.54648141860962,41.26650767326355,1.0,1.0,0.7133123909049864,0.28668760909501356,0.28668760909501356
217.0,0.0,55.933248281478875,18.571578884124754,40.66716928482056,1.0,1.0,0.7133123909049864,0.28668760909501356,0.28668760909501356
224.0,0.0,55.933248281478875,18.596676349639893,40.067830896377565,1.0,1.0,0.6738027384134303,0.3261972615865697,0.3261972615865697
224.0,0.0,55.70791668891906,18.62177381515503,39.541602516174315,1.0,1.0,0.6738027384134303,0.3261972615865697,0.3261972615865697
224.0,0.0,55.482585096359244,18.646871280670165,38.752123546600345,1.0,1.0,0.6738027384134303,0.3261972615865697,0.3261972615865697
217.0,0.0,55.25725350379943,18.671968746185303,37.96264457702637,1.0,1.0,0.7133123909049864,0.28668760909501356,0.28668760909501356
227.0,0.0,55.031921911239614,18.697066211700438,37.17316560745239,1.0,1.0,0.6567989051152512,0.3432010948847488,0.3432010948847488
220.0,0.0,54.8065903186798,18.722163677215576,36.38368663787842,1.0,1.0,0.6964339224570856,0.3035660775429144,0.3035660775429144
222.0,0.0,54.58125872612,18.747261142730714,36.08851861953735,1.0,1.0,0.6851302251220448,0.3148697748779552,0.3148697748779552
222.0,0.0,54.35592713356018,18.790363311767578,35.79335060119629,1.0,1.0,0.6851302251220448,0.3148697748779552,0.3148697748779552
222.0,0.0,54.13059554100037,18.833465480804442,35.49818258285522,1.0,1.0,0.6851302251220448,0.3148697748779552,0.3148697748779552
219.0,0.0,53.90526394844055,18.87656764984131,35.20301456451416,1.0,1.0,0.7020722197592956,0.29792778024070443,0.29792778024070443
220.0,0.0,53.67993235588074,18.919669818878173,34.9078465461731,1.0,1.0,0.6964339224570856,0.3035660775429144,0.3035660775429144
220.0,0.0,53.454600763320926,18.937674522399902,34.61267852783203,1.0,1.0,0.6964339224570856,0.3035660775429144,0.3035660775429144
220.0,0.0,53.22926917076111,18.95567922592163,34.349427938461304,1.0,1.0,0.6964339224570856,0.3035660775429144,0.3035660775429144
220.0,0.0,52.95456104278564,18.97368392944336,33.95223326683045,1.0,1.0,0.6964339224570856,0.3035660775429144,0.3035660775429144
217.0,0.0,52.67985291481018,18.991688632965086,33.55503859519958,1.0,1.0,0.7133123909049864,0.28668760909501356,0.28668760909501356
218.0,0.0,52.40514478683472,19.009693336486816,33.15784392356873,1.0,1.0,0.707698998589586,0.29230100141041404,0.29230100141041404
218.0,0.0,52.355768251419065,19.027698040008545,32.76064925193786,1.0,1.0,0.707698998589586,0.29230100141041404,0.29230100141041404
220.0,0.0,52.30639171600342,19.045702743530274,32.626705169677734,1.0,1.0,0.6964339224570856,0.3035660775429144,0.3035660775429144
220.0,0.0,52.25701518058777,19.063707447052003,32.492761087417605,1.0,1.0,0.6964339224570856,0.3035660775429144,0.3035660775429144
221.0,0.0,52.20763864517212,19.08171215057373,32.35881700515747,1.0,1.0,0.6907859713238608,0.30921402867613923,0.30921402867613923
221.0,0.0,52.15826210975647,19.09971685409546,32.22487292289734,1.0,1.0,0.6907859713238608,0.30921402867613923,0.30921402867613923
221.0,0.0,52.10888557434082,19.117721557617188,32.090928840637204,1.0,1.0,0.6907859713238608,0.30921402867613923,0.30921402867613923
222.0,0.0,52.05950903892517,19.117721557617188,31.956984758377075,1.0,1.0,0.6851302251220448,0.3148697748779552,0.3148697748779552
222.0,0.0,52.010132503509524,19.117721557617188,31.823040676116943,1.0,1.0,0.6851302251220448,0.3148697748779552,0.3148697748779552
222.0,0.0,51.96075596809387,19.117721557617188,31.68909659385681,1.0,1.0,0.6851302251220448,0.3148697748779552,0.3148697748779552
223.0,0.0,51.911379432678224,19.117721557617188,31.55515251159668,1.0,1.0,0.6794685342724401,0.32053146572755986,0.32053146572755986
223.0,0.0,51.86200289726257,19.117721557617188,31.42120842933655,1.0,1.0,0.6794685342724401,0.32053146572755986,0.32053146572755986
222.0,0.0,51.812626361846924,19.117721557617188,31.287264347076416,1.0,1.0,0.6851302251220448,0.3148697748779552,0.3148697748779552
222.0,0.0,51.812626361846924,19.117721557617188,31.287264347076416,1.0,1.0,0.6851302251220448,0.3148697748779552,0.3148697748779552
222.0,0.0,51.812626361846924,19.117721557617188,31.287264347076416,1.0,1.0,0.6851302251220448,0.3148697748779552,0.3148697748779552
222.0,0.0,51.812626361846924,19.117721557617188,31.287264347076416,1.0,1.0,0.6851302251220448,0.3148697748779552,0.3148697748779552
221.0,0.0,51.51773114204407,19.117721557617188,31.287264347076416,1.0,1.0,0.6907859713238608,0.30921402867613923,0.30921402867613923
220.0,0.0,51.22283592224121,19.117721557617188,31.42120842933655,1.0,1.0,0.6964339224570856,0.3035660775429144,0.3035660775429144
219.0,0.0,50.927940702438356,19.117721557617188,31.55515251159668,1.0,1.0,0.7020722197592956,0.29792778024070443,0.29792778024070443
220.0,0.0,50.633045482635495,19.117721557617188,31.68909659385681,1.0,1.0,0.6964339224570856,0.3035660775429144,0.3035660775429144
220.0,0.0,50.33815026283264,19.117721557617188,31.823040676116943,1.0,1.0,0.6964339224570856,0.3035660775429144,0.3035660775429144
220.0,0.0,50.04325504302979,19.117721557617188,31.956984758377075,1.0,1.0,0.6964339224570856,0.3035660775429144,0.3035660775429144
219.0,0.0,49.50447793006897,19.117721557617188,32.090928840637204,1.0,1.0,0.7020722197592956,0.29792778024070443,0.29792778024070443
219.0,0.0,48.96570081710816,19.117721557617188,32.32198920249939,1.0,1.0,0.7020722197592956,0.29792778024070443,0.29792778024070443
219.0,0.0,48.42692370414734,19.117721557617188,32.55304956436157,1.0,1.0,0.7020722197592956,0.29792778024070443,0.29792778024070443
219.0,0.0,47.888146591186526,19.117721557617188,32.784109926223756,1.0,1.0,0.7020722197592956,0.29792778024070443,0.29792778024070443
218.0,0.0,47.34936947822571,19.117721557617188,33.01517028808594,1.0,1.0,0.707698998589586,0.29230100141041404,0.29230100141041404
219.0,0.0,46.810592365264895,19.117721557617188,33.24623064994812,1.0,1.0,0.7020722197592956,0.29792778024070443,0.29792778024070443
219.0,0.0,45.997107124328615,19.117721557617188,33.4772910118103,1.0,1.0,0.7020722197592956,0.29792778024070443,0.29792778024070443
219.0,0.0,45.183621883392334,19.117721557617188,33.708351373672485,1.0,1.0,0.7020722197592956,0.29792778024070443,0.29792778024070443
219.0,0.0,44.37013664245605,19.117721557617188,33.93941173553467,1.0,1.0,0.7020722197592956,0.29792778024070443,0.29792778024070443
219.0,0.0,43.85154662132263,19.117721557617188,34.17047209739685,1.0,1.0,0.7020722197592956,0.29792778024070443,0.29792778024070443
220.0,0.0,43.332956600189206,19.117721557617188,34.2675883769989,1.0,1.0,0.6964339224570856,0.3035660775429144,0.3035660775429144
220.0,0.0,42.697881603240965,19.117721557617188,34.36470465660095,1.0,1.0,0.6964339224570856,0.3035660775429144,0.3035660775429144
222.0,0.0,42.062806606292725,19.117721557617188,34.603948974609374,1.0,1.0,0.6851302251220448,0.3148697748779552,0.3148697748779552
223.0,0.0,41.427731609344484,19.117721557617188,34.8431932926178,1.0,1.0,0.6794685342724401,0.32053146572755986,0.32053146572755986
218.0,0.0,40.79265661239624,19.117721557617188,35.08243761062622,1.0,1.0,0.707698998589586,0.29230100141041404,0.29230100141041404
190.0,0.0,40.40146350860596,19.117721557617188,35.321681928634646,1.0,1.0,0.853290335163339,0.14670966483666104,0.14670966483666104
190.0,0.0,40.01027040481567,19.117721557617188,35.463809967041016,1.0,1.0,0.853290335163339,0.14670966483666104,0.14670966483666104
167.0,0.0,39.33618521690369,19.117721557617188,35.605938005447385,1.0,1.0,0.9410686466588328,0.05893135334116717,0.05893135334116717
167.0,0.0,38.6621000289917,19.117721557617188,35.74806604385376,1.0,1.0,0.9410686466588328,0.05893135334116717,0.05893135334116717
145.0,0.0,37.98801484107971,19.117721557617188,35.89019408226013,1.0,1.0,0.9887717263015519,0.011228273698448143,0.011228273698448143
145.0,0.0,37.313929653167726,19.117721557617188,36.03232212066651,1.0,1.0,0.9887717263015519,0.011228273698448143,0.011228273698448143
128.0,0.0,36.9145525932312,19.117721557617188,36.174450159072876,1.0,1.0,1.0,0.0,0.0
128.0,0.0,36.51517553329468,19.137363052368165,36.316578197479245,1.0,1.0,1.0,0.0,0.0
128.0,0.0,36.115798473358154,19.15700454711914,36.45870623588562,1.0,1.0,1.0,0.0,0.0
128.0,0.0,35.71642141342163,19.176646041870118,36.60083427429199,1.0,1.0,1.0,0.0,0.0
128.0,0.0,35.31704435348511,19.196287536621092,36.74296231269837,1.0,1.0,1.0,0.0,0.0
128.0,0.0,35.0341522693634,19.21592903137207,36.885090351104736,1.0,1.0,1.0,0.0,0.0
128.0,0.0,34.7512601852417,19.23557052612305,36.885090351104736,1.0,1.0,1.0,0.0,0.0
128.0,0.0,34.446817016601564,19.255212020874023,36.885090351104736,1.0,1.0,1.0,0.0,0.0
128.0,0.0,34.14237384796142,19.274853515625,36.885090351104736,1.0,1.0,1.0,0.0,0.0
128.0,0.0,33.83793067932129,19.294495010375975,36.885090351104736,1.0,1.0,1.0,0.0,0.0
128.0,0.0,33.533487510681155,19.314136505126953,36.885090351104736,1.0,1.0,1.0,0.0,0.0
128.0,0.0,33.51193642616272,19.33377799987793,36.885090351104736,1.0,1.0,1.0,0.0,0.0
128.0,0.0,33.173393440246585,19.353419494628906,36.885090351104736,1.0,1.0,1.0,0.0,0.0
128.0,0.0,32.83485045433044,19.386700916290284,36.885090351104736,1.0,1.0,1.0,0.0,0.0
122.0,0.0,32.49630746841431,19.41998233795166,36.885090351104736,1.0,0.9986011795091359,1.0,0.00139882049086415,0.00139882049086415
120.0,0.0,32.157764482498166,19.453263759613037,36.885090351104736,1.0,0.9975132166625718,1.0,0.0024867833374282444,0.0024867833374282444
120.0,0.0,31.81922149658203,19.466903686523438,36.885090351104736,1.0,0.9975132166625718,1.0,0.0024867833374282444,0.0024867833374282444
115.0,0.0,31.480678510665893,19.480543613433838,36.885090351104736,1.0,0.9934335372295651,1.0,0.006566462770434933,0.006566462770434933
115.0,0.0,30.807138919830322,19.49418354034424,36.885090351104736,1.0,0.9934335372295651,1.0,0.006566462770434933,0.006566462770434933
113.0,0.0,30.13359932899475,19.50782346725464,36.885090351104736,1.0,0.9912579074000507,1.0,0.008742092599949292,0.008742092599949292
112.0,0.0,29.46005973815918,19.52146339416504,36.885090351104736,1.0,0.9912579074000507,1.0,0.008742092599949292,0.008742092599949292
112.0,0.0,28.786520147323607,19.53510332107544,36.885090351104736,1.0,0.9900536254420992,1.0,0.009946374557900817,0.009946374557900817
114.0,0.0,28.13453164100647,19.54874324798584,36.885090351104736,1.0,0.9923845505638235,1.0,0.007615449436176536,0.007615449436176536
115.0,0.0,27.48254313468933,19.56238317489624,36.885090351104736,1.0,0.9934335372295651,1.0,0.006566462770434933,0.006566462770434933
115.0,0.0,26.83055462837219,19.57602310180664,36.885090351104736,1.0,0.9934335372295651,1.0,0.006566462770434933,0.006566462770434933
114.0,0.0,26.178566122055052,19.58966302871704,36.885090351104736,1.0,0.9923845505638235,1.0,0.007615449436176536,0.007615449436176536
114.0,0.0,25.526577615737914,19.60330295562744,36.74187111854553,1.0,0.9923845505638235,1.0,0.007615449436176536,0.007615449436176536
114.0,0.0,25.19158101081848,19.616942882537842,36.59865188598633,1.0,0.9923845505638235,1.0,0.007615449436176536,0.007615449436176536
114.0,0.0,24.85658440589905,19.616942882537842,36.455432653427124,1.0,0.9923845505638235,1.0,0.007615449436176536,0.007615449436176536
114.0,0.0,24.334720802307128,19.616942882537842,36.31221342086792,1.0,0.9923845505638235,1.0,0.007615449436176536,0.007615449436176536
115.0,0.0,23.81285719871521,19.616942882537842,36.168994188308716,1.0,0.9934335372295651,1.0,0.006566462770434933,0.006566462770434933
115.0,0.0,23.29099359512329,19.616942882537842,36.02577495574951,1.0,0.9934335372295651,1.0,0.006566462770434933,0.006566462770434933
112.0,0.0,22.769129991531372,19.616942882537842,35.86073184013367,1.0,0.9900536254420992,1.0,0.009946374557900817,0.009946374557900817
112.0,0.0,22.582262992858887,19.616942882537842,35.69568872451782,1.0,0.9900536254420992,1.0,0.009946374557900817,0.009946374557900817
128.0,0.0,22.3953959941864,19.616942882537842,35.53064560890198,1.0,1.0,1.0,0.0,0.0
128.0,128.0,22.208528995513916,19.679959344863892,35.36560249328613,0.0,0.0,0.0,0.75,0.75
128.0,128.0,22.02166199684143,19.742975807189943,35.20055937767029,0.0,0.0,0.0,0.75,0.75
128.0,128.0,21.834794998168945,19.80599226951599,35.03551626205444,0.0,0.0,0.0,0.75,0.75
128.0,128.0,21.64792799949646,19.86900873184204,34.78945198059082,0.0,0.0,0.0,0.75,0.75
128.0,128.0,21.461061000823975,19.93202519416809,34.543387699127194,0.0,0.0,0.0,0.75,0.75
128.0,128.0,21.239002990722657,19.99504165649414,34.29732341766358,0.0,0.0,0.0,0.75,0.75
128.0,128.0,21.01694498062134,20.220373249053956,34.19447836875916,0.0,0.0,0.0,0.75,0.75
128.0,128.0,20.794886970520018,20.445704841613768,34.091633319854736,0.0,0.0,0.0,0.75,0.75
128.0,128.0,20.5728289604187,20.671036434173583,33.988788270950316,0.0,0.0,0.0,0.75,0.75
128.0,128.0,20.537637948989868,20.8963680267334,33.885943222045896,0.0,0.0,0.0,0.75,0.75
128.0,128.0,20.502446937561036,21.121699619293214,33.78309817314148,0.0,0.0,0.0,0.75,0.75
128.0,128.0,20.467255926132204,21.34703121185303,33.68025312423706,0.0,0.0,0.0,0.75,0.75
128.0,128.0,20.432064914703368,21.57236280441284,33.59923195838928,0.0,0.0,0.0,0.75,0.75
128.0,128.0,20.396873903274535,21.797694396972656,33.5182107925415,0.0,0.0,0.0,0.75,0.75
128.0,128.0,20.361682891845703,22.02302598953247,33.43718962669372,0.0,0.0,0.0,0.75,0.75
128.0,128.0,20.32649188041687,22.185341119766235,33.35616846084595,0.0,0.0,0.0,0.75,0.75
128.0,128.0,20.29130086898804,22.34765625,33.27514729499817,0.0,0.0,0.0,0.75,0.75
128.0,128.0,20.256109857559203,22.509971380233765,33.19412612915039,0.0,0.0,0.0,0.75,0.75
128.0,128.0,20.22091884613037,22.67228651046753,33.19412612915039,0.0,0.0,0.0,0.75,0.75
128.0,128.0,20.185727834701538,22.834601640701294,33.19412612915039,0.0,0.0,0.0,0.75,0.75
128.0,128.0,20.185727834701538,22.996916770935062,33.19412612915039,0.0,0.0,0.0,0.75,0.75
128.0,128.0,20.185727834701538,22.996916770935062,33.19412612915039,0.0,0.0,0.0,0.75,0.75
128.0,128.0,20.185727834701538,22.996916770935062,33.19412612915039,0.0,0.0,0.0,0.75,0.75
128.0,128.0,20.185727834701538,22.658100986480715,33.19412612915039,0.0,0.0,0.0,0.75,0.75
128.0,128.0,20.185727834701538,22.31928520202637,33.19412612915039,0.0,0.0,0.0,0.75,0.75
128.0,128.0,20.185727834701538,21.980469417572024,33.19412612915039,0.0,0.0,0.0,0.75,0.75
128.0,128.0,20.185727834701538,21.641653633117677,33.19412612915039,0.0,0.0,0.0,0.75,0.75
128.0,128.0,20.185727834701538,21.30283784866333,33.19412612915039,0.0,0.0,0.0,0.75,0.75
128.0,128.0,20.185727834701538,20.964022064208983,33.19412612915039,0.0,0.0,0.0,0.75,0.75
128.0,128.0,20.185727834701538,20.62520627975464,33.19412612915039,0.0,0.0,0.0,0.75,0.75
128.0,128.0,20.185727834701538,20.286390495300292,33.19412612915039,0.0,0.0,0.0,0.75,0.75
128.0,128.0,20.185727834701538,19.94757471084595,33.19412612915039,0.0,0.0,0.0,0.75,0.75
128.0,128.0,20.185727834701538,19.6087589263916,33.19412612915039,0.0,0.0,0.0,0.75,0.75
128.0,128.0,20.185727834701538,19.269943141937254,33.19412612915039,0.0,0.0,0.0,0.75,0.75
128.0,128.0,20.185727834701538,18.93112735748291,33.19412612915039,0.0,0.0,0.0,0.75,0.75
128.0,128.0,20.185727834701538,18.592311573028564,33.19412612915039,0.0,0.0,0.0,0.75,0.75
128.0,128.0,20.185727834701538,18.25349578857422,33.19412612915039,0.0,0.0,0.0,0.75,0.75
128.0,128.0,20.185727834701538,17.914680004119873,33.19412612915039,0.0,0.0,0.0,0.75,0.75
128.0,128.0,20.185727834701538,17.914680004119873,33.17011985778809,0.0,0.0,0.0,0.75,0.75
128.0,128.0,19.80353708267212,17.914680004119873,33.146113586425784,0.0,0.0,0.0,0.75,0.75
128.0,128.0,19.4213463306427,17.914680004119873,33.122107315063474,0.0,0.0,0.0,0.75,0.75
128.0,128.0,19.039155578613283,17.829294061660768,33.09810104370117,0.0,0.0,0.0,0.75,0.75
128.0,128.0,18.656964826583863,17.74390811920166,33.07409477233887,0.0,0.0,0.0,0.75,0.75
128.0,128.0,18.274774074554443,17.658522176742554,33.050088500976564,0.0,0.0,0.0,0.75,0.75
128.0,128.0,17.892583322525024,17.573136234283446,33.02608222961426,0.0,0.0,0.0,0.75,0.75
128.0,128.0,17.510392570495604,17.48775029182434,33.00207595825195,0.0,0.0,0.0,0.75,0.75
128.0,128.0,17.128201818466188,17.402364349365236,32.97806968688965,0.0,0.0,0.0,0.75,0.75
128.0,128.0,16.74601106643677,17.308794450759887,32.954063415527344,0.0,0.0,0.0,0.75,0.75
128.0,128.0,16.36382031440735,17.21522455215454,32.93005714416504,0.0,0.0,0.0,0.75,0.75
128.0,128.0,15.981629562377929,17.121654653549193,32.90605087280274,0.0,0.0,0.0,0.75,0.75
128.0,128.0,15.599438810348511,17.028084754943848,32.88204460144043,0.0,0.0,0.0,0.75,0.75
128.0,128.0,15.217248058319091,16.934514856338502,32.858038330078124,0.0,0.0,0.0,0.75,0.75
128.0,128.0,14.835057306289674,16.840944957733154,32.83403205871582,0.0,0.0,0.0,0.75,0.75
128.0,128.0,14.452866554260254,16.74737505912781,32.83403205871582,0.0,0.0,0.0,0.75,0.75
128.0,128.0,14.452866554260254,16.65380516052246,32.83403205871582,0.0,0.0,0.0,0.75,0.75
128.0,128.0,14.452866554260254,16.560235261917114,32.83403205871582,0.0,0.0,0.0,0.75,0.75
