128.0,128.0,31.13176918029785,43.505910873413086,46.255720138549805,-1.0
128.0,128.0,30.996733903884888,43.493634939193726,46.1534206867218,-1.0
128.0,128.0,31.45912742614746,43.4077033996582,45.44550848007202,-1.0
128.0,128.0,31.45912742614746,43.4077033996582,44.91764330863953,-1.0
128.0,128.0,31.545058965682983,43.78007340431213,44.91764330863953,-1.0
128.0,128.0,31.59825468063354,43.74733757972717,43.370875597000115,-1.0
128.0,128.0,31.700554132461544,43.424071311950684,43.370875597000115,-1.0
128.0,128.0,31.651450395584106,43.40361142158508,41.742268323898315,-1.0
128.0,128.0,31.647358417510986,43.370875597000115,40.93614864349365,-1.0
128.0,128.0,31.58188676834106,43.370875597000115,40.79702138900757,-1.0
128.0,128.0,31.614622592926022,43.35450768470764,40.79702138900757,-1.0
128.0,128.0,32.02791237831116,43.35450768470764,40.14639687538146,-1.0
128.0,128.0,31.716922044754025,43.419979333877556,38.82059597969055,-1.0
128.0,128.0,31.716922044754025,43.231748342514045,38.82059597969055,-1.0
128.0,128.0,31.59825468063354,43.47317504882812,38.68556070327759,-1.0
128.0,128.0,31.667818307876587,43.510002851486206,44.38159418106079,-1.0
128.0,128.0,32.40028238296509,42.94121789932251,44.38159418106079,-1.0
128.0,128.0,32.06064820289612,42.94121789932251,38.32546663284302,-1.0
128.0,128.0,32.06064820289612,43.25220823287964,37.69121003150939,-1.0
128.0,128.0,32.248879194259644,43.25220823287964,37.41295552253723,-1.0
128.0,128.0,32.302074909210205,43.370875597000115,37.58481860160827,-1.0
128.0,128.0,31.58188676834106,43.26857614517211,37.6707501411438,-1.0
128.0,128.0,30.70620346069336,43.26857614517211,37.654382228851325,-1.0
128.0,128.0,31.184964895248413,42.90848207473754,37.75668168067933,-1.0
128.0,128.0,31.549150943756104,43.33813977241516,37.58891057968139,-1.0
128.0,128.0,31.88878512382507,43.59593439102173,37.519346952438354,-1.0
128.0,128.0,31.872417211532593,43.080345153808594,37.519346952438354,-1.0
128.0,128.0,31.152229070663452,43.080345153808594,38.943355321884155,-1.0
128.0,128.0,31.152229070663452,43.23584032058716,43.02714943885804,-1.0
128.0,128.0,31.941980838775635,43.26857614517211,43.493634939193726,-1.0
128.0,128.0,31.995176553726196,43.26857614517211,44.02150011062622,-1.0
128.0,128.0,31.995176553726196,43.26857614517211,44.02150011062622,-1.0
128.0,128.0,12.992030382156372,43.33404779434205,43.149908781051636,-1.0
128.0,128.0,12.992030382156372,43.35041570663452,41.46401381492615,-1.0
128.0,128.0,11.776712894439697,43.370875597000115,39.614439725875854,-1.0
128.0,128.0,16.290164709091187,11.944483995437622,39.43848466873169,-1.0
128.0,128.0,11.036064863204956,11.944483995437622,38.9924590587616,-1.0
128.0,128.0,8.924604177474976,18.057899236679077,32.71127271652222,-1.0
128.0,128.0,8.580878019332886,29.777324438095093,30.223350048065186,-1.0
128.0,128.0,8.670901536941528,43.71460175514221,25.98815274238586,-1.0
128.0,128.0,8.670901536941528,88.18212747573853,23.10330820083618,-1.0
128.0,128.0,7.807494163513183,130.66095185279846,20.43943047523499,-1.0
128.0,128.0,7.140501737594604,130.66095185279846,17.264055490493774,-1.0
128.0,128.0,6.522613048553466,123.07442450523376,17.349987030029297,-1.0
128.0,128.0,6.849971294403076,104.70962691307068,21.130974769592285,-1.0
128.0,128.0,6.072495460510254,82.41653037071228,22.74321413040161,-1.0
128.0,128.0,6.072495460510254,79.58488154411316,22.53452324867249,-1.0
128.0,128.0,5.507802486419678,95.32262921333312,21.33557367324829,-1.0
128.0,128.0,5.507802486419678,105.3643434047699,24.47412085533142,-1.0
128.0,128.0,5.303203582763672,55.21306014060974,26.24185538291931,-1.0
128.0,128.0,6.780407667160033,46.39075541496277,54.23507738113403,-1.0
128.0,128.0,10.896937608718874,58.57666611671447,67.70996117591858,-1.0
128.0,128.0,10.896937608718874,56.739367961883545,77.30155777931213,-1.0
128.0,128.0,11.617125749588013,56.739367961883545,72.66943860054016,-1.0
128.0,128.0,12.255474328994751,57.27132511138916,41.58677315711975,-1.0
128.0,128.0,12.394601583480835,58.7853569984436,40.023637533187866,-1.0
128.0,128.0,165.53688097000122,60.434424161911004,39.287081480026245,-1.0
128.0,128.0,217.48863458633423,60.516263723373406,39.340277194976814,-1.0
128.0,128.0,217.88555645942688,60.61856317520141,39.81903862953186,-1.0
128.0,128.0,217.88555645942688,60.61856317520141,40.17913269996643,-1.0
128.0,128.0,217.79962491989133,60.65539097785949,39.81903862953186,-1.0
128.0,128.0,217.78325700759888,60.176629543304436,39.38938093185425,-1.0
128.0,128.0,217.78325700759888,60.61856317520141,39.54487609863282,-1.0
128.0,128.0,217.5418303012848,60.225733280181885,39.54487609863282,-1.0
128.0,128.0,218.12289118766785,60.15616965293884,39.64717555046082,-1.0
128.0,128.0,217.79962491989133,60.2093653678894,39.254345655441284,-1.0
128.0,128.0,217.88146448135376,60.2093653678894,39.54078412055969,-1.0
128.0,128.0,217.88146448135376,60.2093653678894,39.35664510726929,-1.0
128.0,128.0,218.40114569664001,60.2093653678894,39.49168038368225,-1.0
128.0,128.0,218.43388152122495,60.2093653678894,39.49168038368225,-1.0
128.0,128.0,218.40114569664001,60.13980174064636,39.49168038368225,-1.0
128.0,128.0,218.36431789398193,59.83290338516235,39.42620873451232,-1.0
128.0,128.0,218.04105162620542,60.67175889015197,39.63080763816833,-1.0
128.0,128.0,217.6277618408203,60.99502515792846,39.73310708999633,-1.0
128.0,128.0,217.4027030467987,60.13980174064636,39.73310708999633,-1.0
128.0,128.0,217.18173623085022,60.03341031074524,39.63080763816833,-1.0
128.0,128.0,217.50909447669983,60.11934185028076,39.37301301956177,-1.0
128.0,128.0,217.8487286567688,60.205273389816284,39.49168038368225,-1.0
128.0,128.0,217.8487286567688,60.205273389816284,39.80267071723939,-1.0
128.0,128.0,217.17764425277707,60.221641302108765,39.80267071723939,-1.0
128.0,128.0,217.17764425277707,60.221641302108765,39.610347747802734,-1.0
128.0,128.0,217.17764425277707,60.225733280181885,39.610347747802734,-1.0
128.0,128.0,217.5254623889923,60.467159986495965,39.610347747802734,-1.0
128.0,128.0,217.9387521743774,60.2093653678894,39.37301301956177,-1.0
128.0,125.0,217.9714879989624,60.2093653678894,39.303449392318726,0.00054931640625
128.0,108.0,218.34794998168942,60.2093653678894,39.250253677368164,0.0244140625
128.0,87.0,218.7448718547821,60.221641302108765,39.250253677368164,0.10260009765625
128.0,65.0,220.63127374649048,59.69377613067627,39.303449392318726,0.24224853515625
128.0,38.0,220.63127374649048,59.64058041572571,39.319817304611206,0.494384765625
128.0,34.0,218.91264295578003,59.64058041572571,39.319817304611206,0.539306640625
128.0,26.0,213.78130245208743,59.96793866157532,38.84105587005615,0.635009765625
128.0,25.0,213.78130245208743,59.96793866157532,37.159252882003784,0.64752197265625
128.0,25.0,214.55468630790708,59.96793866157532,35.444714069366455,0.64752197265625
128.0,28.0,214.55468630790708,60.07023811340332,35.30558681488037,0.6103515625
128.0,32.0,189.89233446121213,85.2481791973114,67.75906491279602,0.5625
128.0,0.0,185.80444836616516,79.94497561454773,72.15384936332703,1.0
128.0,0.0,178.303852558136,38.39503026008606,30.845330715179443,1.0
128.0,0.0,164.9026243686676,18.311601877212524,28.938468933105465,1.0
128.0,0.0,158.12221670150754,18.123370885849,28.971204757690426,1.0
128.0,0.0,149.8318691253662,18.10700297355652,29.212631464004517,1.0
128.0,0.0,141.8156840801239,18.123370885849,29.760956525802612,1.0
128.0,50.0,133.83632683753967,18.295233964920044,30.792135000228882,0.371337890625
128.0,50.0,125.4600477218628,19.084985733032227,31.77011775970459,0.371337890625
128.0,50.0,121.71997976303099,144.11946773529053,111.24860787391661,0.371337890625
128.0,29.0,114.97639989852905,147.96592712402344,129.06508040428162,0.59820556640625
128.0,0.0,112.79537558555603,148.26873350143433,111.02764105796814,1.0
128.0,0.0,108.4374189376831,148.26873350143433,106.59602880477905,1.0
128.0,0.0,95.25306558609007,148.78841471672058,59.74287986755371,1.0
128.0,0.0,84.88808512687682,54.660643100738525,52.99930000305175,1.0
128.0,0.0,78.12404537200928,51.96812152862549,53.42486572265624,1.0
128.0,0.0,69.1176016330719,52.193180322647095,58.00788116455078,1.0
128.0,0.0,59.517821073532104,53.75631594657898,57.75417852401733,1.0
128.0,0.0,55.29899168014526,53.85452342033387,57.15265774726868,1.0
150.0,0.0,47.94979906082153,54.615631341934204,55.626349925994866,1.0
128.0,128.0,38.906527519226074,55.11076068878174,55.97007608413696,0.0
128.0,128.0,30.48114466667175,55.11076068878174,91.94265532493591,0.0
128.0,128.0,25.90222120285034,53.8217875957489,102.90915656089783,0.0
128.0,128.0,25.468471527099606,53.54762506484986,105.9986000061035,0.0
128.0,128.0,25.558495044708252,53.54762506484986,105.51983857154845,0.0
128.0,128.0,25.558495044708252,53.960914850234985,105.09018087387085,0.0
128.0,128.0,25.452103614807125,53.7399480342865,104.73008680343628,0.0
128.0,128.0,25.43573570251465,53.39622187614441,104.70962691307068,0.0
128.0,128.0,25.43573570251465,53.3757619857788,105.60577011108398,0.0
128.0,128.0,25.419367790222168,53.461693525314324,105.10654878616333,0.0
128.0,128.0,25.386631965637207,53.58036088943481,105.03698515892029,0.0
128.0,128.0,25.419367790222168,53.87498331069946,105.10654878616333,0.0
128.0,128.0,25.43573570251465,53.49852132797241,105.10654878616333,0.0
128.0,128.0,25.43573570251465,53.49852132797241,105.10654878616333,0.0
128.0,128.0,25.45619559288025,53.343026161193855,103.51067733764647,0.0
128.0,128.0,25.45619559288025,53.32665824890137,103.8380355834961,0.0
128.0,128.0,25.366172075271603,53.32665824890137,97.53638935089111,0.0
128.0,128.0,25.43573570251465,53.35939407348632,91.25929498672485,0.0
128.0,128.0,25.43573570251465,53.49852132797241,90.87464904785156,0.0
128.0,128.0,25.452103614807125,53.49852132797241,89.91712617874146,0.0
128.0,128.0,25.386631965637207,53.49852132797241,88.30488681793214,0.0
128.0,128.0,25.382539987564083,53.600820779800415,88.28851890563965,0.0
128.0,128.0,25.333436250686646,53.44532561302186,88.28851890563965,0.0
128.0,128.0,25.452103614807125,53.48215341567993,88.32125473022461,0.0
128.0,128.0,25.484839439392086,53.42895770072937,88.32125473022461,0.0
128.0,128.0,25.43573570251465,53.42895770072937,88.23532319068909,0.0
128.0,128.0,25.382539987564083,53.54762506484986,87.83840131759644,0.0
128.0,128.0,25.382539987564083,53.65401649475098,87.87522912025452,0.0
128.0,128.0,25.419367790222168,53.66629242897033,87.94479274749756,0.0
128.0,128.0,25.382539987564083,54.11641001701355,87.94479274749756,0.0
128.0,128.0,25.386631965637207,53.77268385887146,88.18212747573853,0.0
128.0,128.0,25.452103614807125,53.77268385887146,88.28851890563965,0.0
128.0,128.0,25.47256350517273,53.87498331069946,89.14374232292175,0.0
128.0,128.0,25.43573570251465,53.8422474861145,88.5626814365387,0.0
128.0,128.0,25.349804162979122,53.44532561302186,88.69771671295166,0.0
128.0,128.0,25.055181741714478,53.82587957382202,88.69771671295166,0.0
128.0,128.0,25.28024053573608,53.89135122299194,97.53638935089111,0.0
128.0,128.0,25.366172075271603,53.80541968345642,97.53638935089111,0.0
128.0,128.0,25.059273719787594,53.907719135284424,88.95551133155823,0.0
128.0,128.0,25.022445917129517,53.75222396850587,87.83840131759644,0.0
128.0,128.0,25.382539987564083,53.66629242897033,87.83840131759644,0.0
128.0,128.0,25.398907899856564,53.53125715255737,87.60106658935547,0.0
128.0,128.0,25.382539987564083,53.46578550338745,89.26650166511536,0.0
128.0,128.0,25.2638726234436,53.83815550804138,97.60595297813414,0.0
128.0,128.0,25.398907899856564,53.83815550804138,104.00989866256714,0.0
128.0,128.0,25.366172075271603,53.928179025650024,104.47229218482971,0.0
128.0,128.0,25.452103614807125,53.80951166152954,105.5689423084259,0.0
128.0,128.0,25.349804162979122,53.940454959869385,105.5689423084259,0.0
128.0,128.0,25.349804162979122,53.51488924026489,105.49937868118286,0.0
128.0,128.0,25.210676908493042,53.633556604385376,105.72443747520445,0.0
128.0,128.0,25.317068338394165,53.49852132797241,105.72443747520445,0.0
128.0,128.0,25.333436250686646,53.44532561302186,105.02061724662781,0.0
128.0,128.0,25.366172075271603,53.44532561302186,103.83394360542297,0.0
128.0,128.0,25.366172075271603,53.51488924026489,105.15974450111389,0.0
128.0,128.0,25.398907899856564,54.01411056518555,106.1008994579315,0.0
128.0,128.0,25.11246943473816,53.54762506484986,106.1008994579315,0.0
128.0,128.0,25.317068338394165,53.54762506484986,105.92903637886046,0.0
128.0,128.0,25.452103614807125,53.89135122299194,105.55257439613341,0.0
128.0,128.0,25.402999877929688,54.14914584159851,105.41344714164734,0.0
128.0,128.0,25.402999877929688,53.49852132797241,105.41344714164734,0.0
128.0,128.0,25.366172075271603,53.49852132797241,105.41344714164734,0.0
128.0,128.0,24.989710092544552,53.584452867507935,105.4666428565979,0.0
128.0,128.0,24.989710092544552,53.584452867507935,103.38791799545288,0.0
128.0,128.0,25.026537895202637,53.66629242897033,104.48866009712219,0.0
128.0,128.0,25.317068338394165,53.54762506484986,104.67689108848572,0.0
128.0,128.0,25.402999877929688,53.54762506484986,105.38071131706236,0.0
128.0,128.0,25.026537895202637,53.617188692092896,102.94598436355591,0.0
128.0,128.0,25.022445917129517,53.633556604385376,102.94598436355591,0.0
128.0,128.0,25.022445917129517,53.568084955215454,104.66052317619324,0.0
128.0,128.0,25.022445917129517,53.568084955215454,105.86356472969054,0.0
128.0,128.0,25.419367790222168,53.944546937942505,104.66052317619324,0.0
128.0,128.0,25.419367790222168,53.77268385887146,105.53211450576782,0.0
128.0,128.0,25.415275812149048,53.568084955215454,104.64006328582765,0.0
128.0,128.0,25.042905807495114,53.924087047576904,104.64006328582765,0.0
128.0,128.0,25.161573171615597,53.924087047576904,104.74645471572876,0.0
128.0,128.0,25.398907899856564,53.51488924026489,105.03698515892029,0.0
128.0,128.0,25.43573570251465,53.551717042922974,103.73164415359497,0.0
128.0,128.0,25.402999877929688,53.617188692092896,99.35731959342957,0.0
128.0,128.0,25.382539987564083,53.70312023162842,102.40993523597717,0.0
128.0,128.0,25.194308996200558,53.70312023162842,102.47949886322021,0.0
128.0,128.0,25.006078004837036,53.53125715255737,103.42474579811096,0.0
128.0,128.0,24.989710092544552,53.53125715255737,104.8160183429718,0.0
128.0,128.0,25.402999877929688,53.56399297714233,105.61804604530334,0.0
128.0,128.0,25.042905807495114,53.56399297714233,104.98788142204285,0.0
128.0,128.0,24.985618114471436,53.617188692092896,104.84875416755676,0.0
128.0,128.0,25.10837745666504,53.633556604385376,105.2456760406494,0.0
128.0,128.0,25.059273719787594,53.478061437606804,105.40117120742798,0.0
128.0,128.0,25.059273719787594,53.600820779800415,104.74645471572876,0.0
128.0,128.0,25.006078004837036,53.70312023162842,104.57459163665771,0.0
128.0,128.0,25.042905807495114,53.89135122299194,104.57459163665771,0.0
128.0,128.0,25.402999877929688,53.89135122299194,106.34232616424559,0.0
128.0,128.0,25.398907899856564,53.85861539840698,106.34232616424559,0.0
128.0,128.0,25.382539987564083,53.7399480342865,106.34232616424559,0.0
128.0,128.0,25.382539987564083,53.617188692092896,106.49782133102417,0.0
128.0,128.0,25.382539987564083,53.568084955215454,105.62213802337645,0.0
128.0,128.0,25.15748119354248,53.633556604385376,105.3643434047699,0.0
128.0,128.0,25.10837745666504,53.617188692092896,105.92903637886046,0.0
128.0,128.0,25.022445917129517,53.494429349899285,105.82673692703246,0.0
128.0,128.0,25.038813829421997,53.494429349899285,105.32751560211182,0.0
128.0,128.0,25.29660844802856,53.49852132797241,105.4666428565979,0.0
128.0,128.0,25.312976360321045,53.35939407348632,105.9986000061035,0.0
128.0,128.0,25.312976360321045,53.66629242897033,105.9986000061035,0.0
128.0,128.0,25.284332513809204,54.07958221435547,105.53620648384094,0.0
128.0,128.0,25.382539987564083,53.494429349899285,106.03133583068846,0.0
128.0,128.0,25.28024053573608,53.637648582458496,105.84719681739807,0.0
128.0,128.0,25.28024053573608,53.8217875957489,105.84719681739807,0.0
128.0,128.0,25.349804162979122,53.59672880172729,106.61648869514464,0.0
128.0,128.0,25.349804162979122,53.8217875957489,106.61648869514464,0.0
128.0,128.0,25.29660844802856,53.59672880172729,105.96586418151854,0.0
128.0,128.0,25.382539987564083,53.68675231933594,105.96586418151854,0.0
128.0,128.0,25.145205259323117,53.42895770072937,105.74080538749695,0.0
128.0,128.0,25.042905807495114,53.600820779800415,103.04828381538391,0.0
128.0,128.0,25.042905807495114,53.600820779800415,104.23086547851564,0.0
128.0,128.0,25.28024053573608,53.54762506484986,105.02061724662781,0.0
128.0,128.0,25.43573570251465,53.54762506484986,104.23086547851564,0.0
128.0,128.0,25.43573570251465,53.49852132797241,105.89220857620238,0.0
128.0,128.0,25.366172075271603,53.49852132797241,105.89220857620238,0.0
128.0,128.0,25.366172075271603,53.49852132797241,105.96586418151854,0.0
128.0,128.0,25.366172075271603,53.584452867507935,105.84310483932495,0.0
128.0,128.0,25.386631965637207,53.8422474861145,105.84310483932495,0.0
128.0,128.0,25.386631965637207,53.64992451667786,106.7678918838501,0.0
128.0,128.0,25.402999877929688,53.993650674819946,106.7678918838501,0.0
128.0,128.0,25.402999877929688,53.80541968345642,106.4814534187317,0.0
128.0,128.0,25.402999877929688,53.80541968345642,105.58940219879149,0.0
128.0,128.0,25.415275812149048,53.907719135284424,105.12291669845581,0.0
128.0,128.0,25.29660844802856,53.7399480342865,105.12291669845581,0.0
128.0,128.0,25.382539987564083,53.584452867507935,105.12291669845581,0.0
128.0,128.0,25.145205259323117,53.907719135284424,105.10654878616333,0.0
128.0,128.0,25.042905807495114,53.997742652893066,105.53620648384094,0.0
128.0,128.0,25.042905807495114,53.907719135284424,106.39142990112305,0.0
128.0,128.0,25.059273719787594,53.907719135284424,106.24002671241759,0.0
128.0,128.0,25.022445917129517,53.54762506484986,104.31679701805115,0.0
128.0,128.0,25.349804162979122,53.49852132797241,103.80529975891113,0.0
128.0,128.0,25.329344272613525,53.49852132797241,104.31679701805115,0.0
128.0,128.0,25.24750471115112,53.478061437606804,106.85791540145874,0.0
128.0,128.0,25.075641632080075,53.53125715255737,106.35869407653809,0.0
128.0,128.0,25.24750471115112,53.73585605621338,106.35869407653809,0.0
128.0,128.0,27.27303385734558,54.255537271499634,96.1287488937378,0.0
128.0,128.0,29.126699924468998,54.255537271499634,94.74156832695006,0.0
128.0,128.0,72.37481617927551,54.90616178512573,83.85690665245056,0.0
128.0,128.0,93.65719413757324,59.10862326622009,58.781265020370476,0.0
128.0,128.0,104.98788142204285,62.320826053619385,52.10315680503845,0.0
128.0,128.0,116.05668210983275,66.5764832496643,50.02852392196655,0.0
128.0,128.0,128.8768494129181,72.5139434337616,67.60356974601746,0.0
128.0,128.0,144.340434551239,77.4202251434326,76.85553216934204,0.0
128.0,128.0,146.3127679824829,83.37814521789551,76.85553216934204,0.0
128.0,128.0,146.3127679824829,90.07262134552002,82.00733256340027,0.0
128.0,128.0,146.3127679824829,96.43973922729492,110.04965829849243,0.0
128.0,128.0,146.46826314926147,101.4810562133789,110.04965829849243,0.0
128.0,128.0,151.8205704689026,101.87797808647157,86.4675886631012,0.0
128.0,128.0,151.8205704689026,101.72657489776611,86.4675886631012,0.0
128.0,128.0,243.54225897789,88.57904934883116,86.94635009765624,0.0
128.0,128.0,238.75464463233948,74.53947257995605,86.94635009765624,0.0
128.0,128.0,211.1747124195099,68.27465415000916,76.683669090271,0.0
128.0,128.0,210.07397031784058,66.43735599517822,76.683669090271,0.0
128.0,128.0,209.33741426467893,61.32238340377807,66.50691962242126,0.0
128.0,128.0,209.33741426467893,60.516263723373406,39.50804829597473,0.0
128.0,128.0,217.49272656440732,61.10141658782959,37.98174047470093,0.0
128.0,128.0,218.22928261756894,62.21852660179138,37.98174047470093,0.0
128.0,128.0,219.03540229797363,62.21852660179138,38.08403992652893,0.0
128.0,128.0,218.9658386707306,62.21852660179138,38.08403992652893,0.0
128.0,128.0,218.9658386707306,44.86444759368897,38.01856827735901,0.0
128.0,128.0,218.40114569664001,66.66241478919983,38.014476299285896,0.0
128.0,128.0,217.88555645942688,61.11778450012206,37.96537256240845,0.0
128.0,128.0,217.88555645942688,61.11778450012206,38.153603553771966,0.0
128.0,128.0,217.52137041091916,66.9202094078064,38.153603553771966,0.0
128.0,128.0,217.52137041091916,66.33505654335022,38.153603553771966,0.0
128.0,128.0,217.83236074447632,66.33505654335022,38.05130410194396,0.0
128.0,128.0,217.81599283218384,66.73197841644287,38.05130410194396,0.0
128.0,128.0,217.83236074447632,66.62558698654175,38.04721212387084,0.0
128.0,128.0,218.02059173583984,66.36779236793518,38.06767201423645,0.0
128.0,128.0,218.34794998168942,65.52893686294556,38.01856827735901,0.0
128.0,128.0,218.40114569664001,65.49210906028748,38.01856827735901,0.0
128.0,128.0,218.26201844215393,65.49210906028748,38.00220036506653,0.0
128.0,128.0,166.25706911087036,62.90188694000244,37.98174047470093,0.0
128.0,128.0,142.65863156318665,53.39622187614441,38.08403992652893,0.0
128.0,128.0,217.77916502952576,62.971450567245476,38.25590300559997,0.0
128.0,128.0,218.33158206939694,64.29315948486328,38.25590300559997,0.0
128.0,128.0,218.33158206939694,66.67878270149231,38.4441339969635,0.0
128.0,128.0,218.7448718547821,67.12071633338928,38.37457036972046,0.0
128.0,128.0,218.7448718547821,67.12071633338928,38.05130410194396,0.0
128.0,128.0,218.84307932853696,67.12071633338928,38.05130410194396,0.0
128.0,128.0,219.32593274116513,66.76062226295471,38.01856827735901,0.0
128.0,128.0,218.72850394248962,66.36779236793518,38.05130410194396,0.0
128.0,128.0,218.45024943351743,63.004186391830444,38.05130410194396,0.0
128.0,128.0,218.4175136089325,64.13766431808472,38.05130410194396,0.0
128.0,128.0,218.81034350395203,65.50847697257996,38.03493618965149,0.0
128.0,128.0,218.81034350395203,66.88338160514832,37.96537256240845,0.0
128.0,128.0,218.33158206939694,67.21073985099792,38.05130410194396,0.0
128.0,128.0,218.40114569664001,66.31459665298462,38.06767201423645,0.0
128.0,128.0,218.40114569664001,67.21073985099792,38.06767201423645,0.0
128.0,128.0,218.70804405212402,67.52173018455505,38.10449981689453,0.0
128.0,128.0,218.77351570129395,67.14117622375488,38.06767201423645,0.0
128.0,128.0,218.70804405212402,66.21229720115662,38.05130410194396,0.0
128.0,128.0,218.36431789398193,66.19592928886414,38.06767201423645,0.0
128.0,128.0,218.36431789398193,65.38980960845947,38.06767201423645,0.0
128.0,128.0,218.48707723617557,67.58720183372498,38.03493618965149,0.0
128.0,128.0,218.51572108268735,67.65676546096802,38.01856827735901,0.0
128.0,128.0,218.9494707584381,67.86545634269714,38.01856827735901,0.0
128.0,128.0,218.81034350395203,43.60821032524109,38.39093828201294,0.0
128.0,128.0,218.7448718547821,67.91456007957458,38.08403992652893,0.0
128.0,128.0,218.65484833717343,67.64039754867554,38.08403992652893,0.0
128.0,128.0,218.7448718547821,65.43891334533691,38.05130410194396,0.0
128.0,128.0,218.45024943351743,65.4962010383606,38.03084421157837,0.0
128.0,128.0,218.43388152122495,65.94222664833069,38.014476299285896,0.0
128.0,128.0,218.43388152122495,66.38416028022766,38.014476299285896,0.0
128.0,128.0,218.63848042488095,66.3514244556427,38.03493618965149,0.0
128.0,128.0,218.84307932853696,66.76471424102783,38.08403992652893,0.0
128.0,128.0,218.85944724082944,67.63630557060242,38.239535093307495,0.0
128.0,128.0,218.8635392189026,67.63630557060242,38.16997146606445,0.0
128.0,128.0,218.45434141159058,67.63630557060242,38.16997146606445,0.0
128.0,128.0,218.45434141159058,67.08798050880432,38.06767201423645,0.0
128.0,128.0,218.6221125125885,68.01685953140259,38.06767201423645,0.0
128.0,128.0,218.91264295578003,66.72788643836975,38.12086772918701,0.0
128.0,95.0,218.81034350395203,66.43735599517822,38.37457036972046,0.06646728515625
128.0,83.0,219.73513054847714,66.72788643836975,38.16997146606445,0.12359619140625
128.0,128.0,219.2727370262146,66.78108215332031,38.06767201423645,0.0
128.0,128.0,219.2727370262146,47.83113169670104,38.06767201423645,0.0
128.0,128.0,219.03540229797363,43.800533294677734,38.1167757511139,0.0
128.0,128.0,219.78832626342773,67.09207248687744,38.12086772918701,0.0
128.0,14.0,219.96018934249878,67.09207248687744,38.12086772918701,0.793212890625
128.0,15.0,220.98727583885193,66.95294523239136,38.12086772918701,0.77935791015625
128.0,15.0,220.98727583885193,62.48859715461731,37.0201256275177,0.77935791015625
128.0,0.0,219.34230065345764,61.32238340377807,36.74596309661865,1.0
128.0,0.0,196.84051322937012,62.1816987991333,35.92347550392151,1.0
128.0,0.0,190.6125226020813,63.84304189682006,68.97847437858582,1.0
128.0,0.0,187.93636894226074,63.34791254997253,28.69295024871826,1.0
128.0,18.0,181.55288314819336,26.822916269302365,21.900266647338867,0.738525390625
128.0,78.0,169.5183756351471,27.150274515151978,20.234831571578983,0.152587890625
137.0,49.0,159.3088903427124,28.67658233642578,19.874737501144413,0.4514430869914816
208.0,31.0,159.3088903427124,28.76660585403442,19.461447715759277,0.694539532542323
128.0,3.0,157.02147459983826,28.76660585403442,19.461447715759277,0.95367431640625
0.0,0.0,150.00373220443728,26.925215721130368,21.470608949661255,1.0
13.0,0.0,145.21611785888672,24.4086492061615,23.962623596191406,1.0
128.0,128.0,139.60192394256592,24.371821403503418,24.506856679916382,0.0
128.0,97.0,128.62314677238464,25.693530321121216,25.317068338394165,0.05865478515625
128.0,0.0,126.54442191123962,28.521087169647213,27.358965396881104,1.0
128.0,0.0,125.7669460773468,29.433598279953,28.197820901870728,1.0
128.0,0.0,116.3308446407318,156.95600295066833,115.81525540351866,1.0
128.0,0.0,108.65838575363158,158.13858461380002,101.52197599411011,1.0
128.0,0.0,100.98592686653136,158.13858461380002,71.12267088890076,1.0
128.0,0.0,93.94772458076477,66.01179027557373,42.80618262290954,1.0
128.0,0.0,86.3284614086151,63.45021200180053,45.22454166412354,1.0
183.0,0.0,70.28381538391113,62.24717044830322,47.06183981895447,1.0
128.0,0.0,65.52893686294556,60.99502515792846,52.586010217666626,1.0
11.0,0.0,60.27892899513244,58.50710248947143,54.988001346588135,1.0
0.0,0.0,50.748712062835686,56.44883751869202,54.42330837249756,1.0
128.0,0.0,46.7017457485199,57.099462032318115,53.65401649475098,1.0
182.0,0.0,41.94686722755432,59.501453161239624,52.60647010803222,1.0
128.0,128.0,34.87592911720276,61.33875131607055,91.65212488174437,0.0
128.0,128.0,26.92930769920349,62.57452869415283,96.04281735420226,0.0
128.0,128.0,25.693530321121216,106.78425979614256,106.2768545150757,0.0
128.0,128.0,25.623966693878174,107.74996662139893,106.72288012504578,0.0
128.0,128.0,25.660794496536255,107.74996662139893,124.4656970500946,0.0
128.0,128.0,25.67307043075561,109.36220598220825,124.44932913780211,0.0
128.0,128.0,25.607598781585693,111.23223996162415,106.18683099746704,0.0
128.0,128.0,25.67307043075561,111.23223996162415,106.18683099746704,0.0
128.0,128.0,25.67307043075561,110.44248819351196,92.66284346580504,0.0
128.0,128.0,25.67307043075561,107.50853991508484,94.10321974754332,0.0
128.0,128.0,25.644426584243774,107.13207793235779,124.58436441421507,0.0
128.0,128.0,25.644426584243774,108.3351194858551,123.64320945739746,0.0
128.0,128.0,25.607598781585693,110.37701654434204,107.97093343734741,0.0
128.0,128.0,25.607598781585693,111.68235754966736,106.3791539669037,0.0
128.0,128.0,25.607598781585693,108.28192377090453,107.40624046325684,0.0
128.0,128.0,25.55440306663513,108.2328200340271,122.7143304347992,0.0
128.0,128.0,25.54212713241577,112.26341843605042,124.73985958099365,0.0
128.0,128.0,25.48893141746521,121.66678404808044,124.24063825607298,0.0
128.0,128.0,25.452103614807125,121.70361185073853,107.13207793235779,0.0
128.0,128.0,25.24750471115112,122.45653581619263,106.46099352836609,0.0
128.0,128.0,25.24750471115112,121.10209107398985,103.73164415359497,0.0
128.0,128.0,25.415275812149048,119.55532336235046,103.54341316223143,0.0
128.0,128.0,25.58713889122009,65.27114224433899,90.98104047775269,0.0
128.0,128.0,29.72822070121765,54.14914584159851,85.91517162322997,0.0
128.0,128.0,76.76960062980652,57.30815291404724,73.2873272895813,0.0
128.0,128.0,87.5478708744049,57.30815291404724,64.69008135795593,0.0
128.0,128.0,111.43683886528015,56.24423861503601,60.91318559646606,0.0
128.0,128.0,126.28662729263304,56.072375535964966,60.91318559646606,0.0
128.0,128.0,141.59471726417542,56.22787070274353,67.58720183372498,0.0
128.0,128.0,160.02498650550842,56.33017015457153,67.84499645233154,0.0
128.0,128.0,182.563601732254,56.44883751869202,49.90985655784607,0.0
128.0,128.0,188.43149828910828,57.3613486289978,48.53904390335083,0.0
128.0,128.0,196.4313154220581,58.47436666488647,59.82881140708923,0.0
128.0,128.0,199.2097685337067,61.01548504829406,61.25281977653503,0.0
128.0,128.0,199.4675631523132,62.23080253601074,77.71484756469727,0.0
128.0,128.0,199.4675631523132,61.56381011009216,81.91730904579163,0.0
128.0,128.0,211.32611560821536,59.865639209747314,77.71484756469727,0.0
128.0,128.0,211.63710594177246,58.71579337120056,72.59987497329712,0.0
128.0,128.0,214.7797451019287,41.29624271392822,38.75103235244751,0.0
128.0,128.0,214.7797451019287,58.90402436256409,38.51369762420654,0.0
128.0,128.0,214.60788202285767,61.256911754608154,38.53006553649902,0.0
128.0,128.0,215.03753972053525,61.256911754608154,38.566893339157104,0.0
128.0,128.0,215.99506258964536,60.532631635665894,38.976091146469116,0.0
128.0,128.0,215.92549896240234,60.38122844696044,38.976091146469116,0.0
128.0,128.0,215.46310544013977,60.516263723373406,38.99655103683472,0.0
128.0,128.0,215.41400170326233,61.0645887851715,38.926987409591675,0.0
128.0,128.0,215.9295909404755,60.843621969223015,39.04565477371216,0.0
128.0,128.0,216.58021545410156,60.67175889015197,39.16432213783264,0.0
128.0,128.0,216.61704325675964,60.221641302108765,39.23797774314881,0.0
128.0,128.0,216.1341898441315,59.83290338516235,39.23797774314881,0.0
128.0,128.0,216.09736204147336,59.83290338516235,39.18478202819824,0.0
128.0,128.0,216.09736204147336,59.914742946624756,39.18069005012512,0.0
128.0,0.0,216.40835237503052,59.914742946624756,39.16432213783264,1.0
128.0,0.0,216.2037534713745,59.37050986289978,39.13158631324768,1.0
128.0,0.0,211.22790813446045,59.28048634529114,38.014476299285896,1.0
128.0,0.0,207.0049867630005,59.28048634529114,35.821176052093506,1.0
128.0,128.0,196.2430844306946,82.00324058532715,35.821176052093506,0.0
128.0,97.0,186.50826859474182,91.27566289901733,73.25049948692322,0.05865478515625
128.0,96.0,184.92876505851746,182.870500087738,109.8614273071289,0.0625
128.0,79.0,185.61621737480164,182.972799539566,110.1846935749054,0.14654541015625
128.0,53.0,184.92876505851746,98.51846408843994,110.02919840812683,0.34332275390625
128.0,22.0,185.51391792297363,98.51846408843994,110.02919840812683,0.685791015625
128.0,13.0,151.34180903434756,181.48331952095032,110.02919840812683,0.80718994140625
119.0,46.0,176.38062286376953,84.23746061325073,28.664306402206417,0.4104301673303277
84.0,103.0,174.80521130561826,19.277308702468872,27.97276210784912,0.12416898642310241
84.0,103.0,172.04312610626218,18.9990541934967,27.907290458679196,0.12416898642310241
77.0,102.0,170.99557971954346,19.064525842666626,27.907290458679196,0.1640265402667348
116.0,31.0,91.64803290367125,19.019514083862305,28.115981340408325,0.5743470373030034
116.0,4.0,146.8979208469391,18.94585847854614,27.97685408592224,0.9385177174573985
128.0,0.0,123.95010781288147,19.4655396938324,27.530828475952145,1.0
255.0,46.0,47.07820773124695,26.049532413482666,23.582069635391235,1.0
255.0,128.0,39.835406541824334,92.8142466545105,21.143250703811646,0.98443603515625
255.0,128.0,39.835406541824334,36.66003155708313,17.48911428451538,0.98443603515625
0.0,48.0,126.6630892753601,33.038630962371826,16.989892959594727,1.0
0.0,49.0,103.88713932037352,27.686323642730713,23.958531618118283,1.0
0.0,84.0,98.92766189575195,25.746726036071777,28.799341678619385,1.0
128.0,128.0,98.92766189575195,23.11558413505554,31.802853584289547,0.0
0.0,73.0,112.10792326927186,21.572908401489258,83.66867566108702,1.0
128.0,128.0,119.28116083145142,81.88866519927979,85.57553744316101,0.0
0.0,128.0,117.06740069389343,144.08263993263245,111.19950413703918,1.0
128.0,128.0,117.67301344871521,144.08263993263245,112.79537558555603,0.0
186.0,0.0,116.81369805336,144.08263993263245,104.02217459678648,1.0
184.0,0.0,117.08786058425903,136.7702751159668,104.02217459678648,1.0
113.0,0.0,111.93606019020079,138.0919840335846,104.02217459678648,1.0
93.0,0.0,107.3366768360138,138.0919840335846,102.43039512634277,1.0
138.0,0.0,98.68623518943787,82.72342872619629,41.84456777572632,1.0
255.0,0.0,81.55721497535706,79.84267616271973,37.70348596572877,1.0
255.0,0.0,73.27095937728882,62.86505913734436,39.71264719963074,1.0
230.0,0.0,71.13903880119324,60.99911713600159,45.53144001960755,1.0
128.0,0.0,69.02757811546326,60.38122844696044,51.77989053726196,1.0
128.0,0.0,65.71716785430908,57.35725665092468,53.82587957382202,1.0
106.0,0.0,50.56048107147216,57.066726207733154,53.82587957382202,1.0
101.0,0.0,46.86951684951782,57.15265774726868,53.3757619857788,1.0
215.0,0.0,41.14074754714966,57.066726207733154,51.886281967163086,1.0
128.0,128.0,34.89229702949524,60.36076855659485,51.886281967163086,0.0
128.0,128.0,26.94567561149597,66.78108215332031,93.64082622528076,0.0
128.0,128.0,24.40455722808838,106.56329298019409,96.81620121002197,0.0
128.0,128.0,23.479770183563232,123.29948329925537,111.2649757862091,0.0
128.0,128.0,23.479770183563232,123.53681802749634,120.08728051185606,0.0
128.0,128.0,23.447034358978268,123.53681802749634,120.08728051185606,0.0
128.0,128.0,23.42657446861267,124.85852694511412,120.24686765670776,0.0
128.0,128.0,23.42657446861267,124.85852694511412,106.68196034431456,0.0
128.0,128.0,23.39383864402771,123.59001374244689,98.39570474624632,0.0
128.0,128.0,23.44294238090515,122.8370897769928,98.87446618080139,0.0
128.0,128.0,23.47567820549011,122.8370897769928,109.58317279815672,0.0
128.0,128.0,23.463402271270752,121.4949209690094,109.58317279815672,0.0
128.0,128.0,23.479770183563232,119.71081852912901,113.48282790184021,0.0
128.0,128.0,23.463402271270752,122.8370897769928,106.4814534187317,0.0
128.0,128.0,23.44294238090515,119.71081852912901,105.84310483932495,0.0
128.0,128.0,23.463402271270752,107.32030892372131,98.1215422153473,0.0
128.0,128.0,23.479770183563232,105.20884823799133,93.00656962394716,0.0
128.0,128.0,23.479770183563232,120.38190293312073,89.0946385860443,0.0
128.0,128.0,23.479770183563232,106.10499143600462,88.18212747573853,0.0
128.0,128.0,23.39383864402771,63.69163870811462,88.73454451560974,0.0
128.0,128.0,21.95346236228943,62.14896297454834,89.3156054019928,0.0
128.0,128.0,21.781599283218384,59.861547231674194,89.83119463920595,0.0
128.0,128.0,22.158061265945435,57.087186098098755,87.89159703254701,0.0
128.0,128.0,87.18777680397034,58.850828647613525,80.46056485176086,0.0
128.0,128.0,95.52722811698912,58.850828647613525,63.589339256286614,0.0
128.0,128.0,109.68547224998473,57.97514533996582,56.00281190872193,0.0
128.0,128.0,134.88387322425842,57.51275181770325,54.88570189476013,0.0
128.0,128.0,154.25938940048218,57.51275181770325,67.29667139053345,0.0
128.0,128.0,161.57175421714786,57.51275181770325,67.91456007957458,0.0
128.0,128.0,170.47999048233032,57.95877742767333,67.29667139053345,0.0
128.0,128.0,164.28473567962646,58.92039227485657,61.993467807769775,0.0
128.0,128.0,189.80231094360352,64.00262904167175,60.19299745559692,0.0
128.0,128.0,211.5511744022369,65.78673148155212,59.3336820602417,0.0
128.0,128.0,221.17959880828857,66.88338160514832,57.819650173187256,0.0
128.0,128.0,141.11595582962036,66.88338160514832,57.819650173187256,0.0
128.0,128.0,227.0802311897278,57.03399038314819,76.3604028224945,0.0
128.0,128.0,227.0802311897278,57.03399038314819,75.2596607208252,0.0
128.0,128.0,227.0802311897278,47.25007081031799,76.3604028224945,0.0
128.0,128.0,298.8412506580353,44.41842198371887,44.6066529750824,0.0
128.0,128.0,300.0,43.68186593055725,42.081902503967285,0.0
128.0,128.0,299.54507088661194,43.505910873413086,42.098270416259766,0.0
128.0,128.0,299.42640352249146,43.510002851486206,42.15146613121033,0.0
128.0,128.0,298.75531911849976,43.505910873413086,42.22102975845337,0.0
128.0,128.0,299.42640352249146,43.510002851486206,42.22102975845337,0.0
128.0,128.0,300.0,43.505910873413086,42.23739767074585,0.0
128.0,128.0,300.0,43.64503812789917,42.23739767074585,0.0
128.0,128.0,300.0,43.64503812789917,42.22102975845337,0.0
128.0,128.0,300.0,43.64503812789917,42.16783404350281,0.0
128.0,128.0,300.0,43.52637076377869,42.16783404350281,0.0
128.0,0.0,300.0,43.489542961120605,42.15146613121033,1.0
128.0,0.0,220.0461208820343,43.56319856643677,42.049166679382324,1.0
128.0,0.0,216.16692566871643,44.07469582557678,38.76740026473998,1.0
128.0,0.0,207.9625096321106,44.07469582557678,36.07487869262695,1.0
128.0,0.0,199.5002989768982,61.326475381851196,35.37515044212341,1.0
128.0,0.0,189.3931131362915,185.25612330436707,33.53376030921936,1.0
128.0,45.0,184.50319933891296,91.61938905715942,29.62182927131653,0.42047119140625
128.0,49.0,178.92583322525024,23.85623216629028,23.73347282409668,0.38092041015625
128.0,49.0,174.20778250694275,23.602529525756832,23.0869402885437,0.38092041015625
128.0,48.0,171.08151125907898,24.114026784896847,22.66955852508545,0.390625
128.0,48.0,237.93215703964233,24.678719758987427,22.53452324867249,0.390625
145.0,47.0,229.46994638442993,26.483282089233395,22.05576181411743,0.4008399582039128
189.0,46.0,229.46994638442993,27.133906602859497,20.93865180015564,0.4690503787190655
204.0,40.0,224.51046895980835,27.391701221466064,20.697225093841553,0.5896505077182936
123.0,0.0,143.79210948944092,27.101170778274536,21.073687076568604,1.0
0.0,0.0,134.7979416847229,24.322717666625977,24.989710092544552,1.0
120.0,0.0,127.86613082885742,23.479770183563232,25.88176131248474,1.0
128.0,0.0,125.41094398498535,27.21983814239502,68.48334503173828,1.0
128.0,0.0,109.38266587257385,153.47372961044314,125.7874059677124,1.0
128.0,0.0,106.83745551109314,157.84805417060852,68.72067975997925,1.0
145.0,0.0,83.23901796340942,89.9866898059845,36.72959518432617,1.0
182.0,0.0,81.69634222984314,66.45781588554382,39.50804829597473,1.0
128.0,0.0,74.83000302314758,61.54744219779968,46.73448157310486,1.0
115.0,0.0,69.9932849407196,52.38141131401062,54.95935750007629,1.0
50.0,0.0,65.680340051651,52.38141131401062,55.3685553073883,1.0
193.0,0.0,58.388435125350945,55.266255855560296,54.73429870605469,1.0
224.0,0.0,54.16551375389099,59.178186893463135,52.43051505088806,1.0
192.0,0.0,49.737993478775024,59.77561569213867,51.71441888809204,1.0
128.0,128.0,40.40009951591491,58.5807580947876,51.644855260849,0.0
128.0,128.0,33.22686195373535,58.49073457717895,37.69121003150939,0.0
128.0,128.0,30.17424631118774,58.92039227485657,35.064160108566284,0.0
128.0,255.0,29.261735200881954,59.28048634529114,34.82682538032532,0.98443603515625
128.0,128.0,30.653007745742798,58.404803037643426,35.27285099029541,0.0
128.0,128.0,36.40223693847656,58.23293995857238,54.80386233329773,0.0
128.0,128.0,36.77869892120361,58.30250358581542,54.92252969741821,0.0
128.0,128.0,36.93419408798218,58.355699300766,55.024829149246216,0.0
128.0,128.0,36.95056200027466,58.23703193664551,55.315359592437744,0.0
128.0,128.0,36.9996657371521,58.09790468215942,54.11641001701355,0.0
128.0,128.0,37.07332134246826,58.14700841903686,39.835406541824334,0.0
128.0,128.0,36.90145826339722,58.30250358581542,54.11641001701355,0.0
128.0,128.0,36.77869892120361,58.43753886222839,54.44376826286316,0.0
128.0,128.0,36.811434745788574,58.404803037643426,54.14914584159851,0.0
128.0,128.0,36.811434745788574,58.404803037643426,53.8217875957489,0.0
128.0,128.0,37.25746035575867,58.404803037643426,41.01798820495605,0.0
128.0,128.0,36.885090351104736,58.457998752594,41.01798820495605,0.0
128.0,128.0,36.93419408798218,58.457998752594,54.43967628479004,0.0
128.0,128.0,36.880998373031616,58.30250358581542,55.196692228317254,0.0
128.0,128.0,36.880998373031616,58.30250358581542,55.196692228317254,0.0
128.0,128.0,36.880998373031616,58.1142725944519,40.727457761764526,0.0
128.0,128.0,36.95056200027466,58.07744479179382,55.48722267150878,0.0
128.0,128.0,37.46615123748779,56.89486312866211,56.84575939178467,0.0
128.0,128.0,55.54041838645934,56.63706851005554,57.103554010391235,0.0
128.0,128.0,98.46117639541626,56.55113697052002,59.83290338516235,0.0
128.0,128.0,125.05084991455078,56.072375535964966,59.94747877120972,0.0
128.0,128.0,139.62238383293152,55.43811893463134,63.91669750213623,0.0
128.0,128.0,153.52283334732056,54.23507738113403,81.55721497535706,0.0
128.0,128.0,160.5774035453796,54.23507738113403,96.16148471832275,0.0
128.0,128.0,173.12340831756595,54.52560782432556,95.76865482330324,0.0
128.0,128.0,202.2296483516693,55.50359058380126,66.96931314468384,0.0
128.0,128.0,210.43406438827512,59.26411843299866,66.02406620979309,0.0
128.0,128.0,221.45376133918765,59.37050986289978,66.96931314468384,0.0
128.0,128.0,227.632648229599,59.96793866157532,67.15754413604736,0.0
128.0,128.0,229.33081912994388,58.011973142623894,67.31303930282593,0.0
128.0,128.0,230.357905626297,38.906527519226074,67.15754413604736,0.0
128.0,128.0,230.61979222297668,36.57410001754761,45.48233628273011,0.0
128.0,128.0,233.72560358047485,34.2744083404541,45.48233628273011,0.0
128.0,128.0,231.52821135520932,33.6033239364624,47.31963443756103,0.0
128.0,128.0,231.52821135520932,33.333253383636475,47.81476378440856,0.0
128.0,128.0,231.61414289474487,33.21049404144287,102.58589029312132,0.0
128.0,128.0,231.61414289474487,33.55012822151184,114.18664813041686,0.0
128.0,128.0,231.83510971069333,33.55012822151184,112.95087075233458,0.0
128.0,128.0,231.83510971069333,33.57058811187744,112.6071445941925,0.0
128.0,0.0,205.59325432777405,33.656519651412964,89.14783430099487,1.0
128.0,0.0,231.40954399108887,34.13937306404114,84.56072688102722,1.0
128.0,0.0,221.8138554096222,43.33813977241516,42.33969712257385,1.0
128.0,0.0,217.14490842819214,44.213823080062866,38.85742378234863,1.0
128.0,0.0,202.64293813705444,43.33813977241516,36.148534297943115,1.0
128.0,114.0,199.12383699417114,62.59498858451843,36.148534297943115,0.011962890625
128.0,78.0,192.43345284461975,184.96559286117554,73.81928443908691,0.19140625
128.0,12.0,182.870500087738,184.96559286117554,100.0775077342987,0.8212890625
128.0,12.0,180.1738865375519,41.983695030212395,71.75692749023438,0.8212890625
128.0,28.0,176.12692022323606,26.13955593109131,22.636822700500492,0.6103515625
128.0,31.0,168.98641848564148,26.13955593109131,21.33557367324829,0.57427978515625
128.0,44.0,164.95172810554504,26.99477934837341,20.815892457962033,0.4306640625
128.0,62.0,164.95172810554504,27.8868305683136,19.92384123802185,0.265869140625
140.0,69.0,159.99225068092346,29.65865707397461,18.929490566253666,0.2126450916336647
164.0,41.0,151.53413200378418,29.9819233417511,18.327969789505005,0.46869824839062835
197.0,41.0,145.83400654792786,30.34610939025879,17.370446920394897,0.545767896463198
149.0,0.0,142.33536529541016,30.34610939025879,17.370446920394897,1.0
128.0,0.0,136.78664302825928,28.971204757690426,18.48346495628357,1.0
125.0,0.0,130.35405349731445,27.20347023010254,22.464959621429443,1.0
101.0,0.0,125.05084991455078,27.20347023010254,100.21663498878479,1.0
149.0,0.0,117.46432256698608,157.59025955200195,125.25544881820679,1.0
207.0,0.0,110.35655665397644,161.86637663841248,100.5071654319763,1.0
176.0,0.0,102.01710534095764,157.95035362243652,52.67194175720215,1.0
128.0,0.0,96.18194460868837,40.15867280960084,59.02269172668457,1.0
82.0,0.0,78.63963460922241,40.436927318573,58.20020413398742,1.0
128.0,0.0,74.76043939590454,45.08950638771057,53.28983044624328,1.0
156.0,0.0,71.31090188026428,57.75417852401733,51.55892372131348,1.0
151.0,0.0,65.34070587158203,59.26411843299866,53.3757619857788,1.0
77.0,0.0,61.5310742855072,58.044708967208855,56.0191798210144,1.0
106.0,0.0,50.18401908874511,55.916880369186394,54.86933398246765,1.0
128.0,0.0,46.959540367126465,56.00281190872193,54.06321430206299,1.0
128.0,0.0,39.986809730529785,59.210922718048096,52.91336846351623,1.0
128.0,128.0,34.54857087135315,63.36837244033813,91.25520300865173,0.0
128.0,128.0,29.29856300354004,123.59001374244689,99.304123878479,0.0
128.0,128.0,23.925795793533325,220.717205286026,99.304123878479,0.0
128.0,128.0,23.80712842941284,222.25988101959229,86.19342613220215,0.0
128.0,128.0,23.463402271270752,221.5765206813812,92.24955368041992,0.0
128.0,128.0,23.463402271270752,221.5765206813812,92.24955368041992,0.0
128.0,128.0,23.42657446861267,221.53969287872312,91.18563938140869,0.0
128.0,128.0,23.479770183563232,221.4701292514801,88.2189552783966,0.0
128.0,128.0,23.37747073173523,221.07729935646057,88.2189552783966,0.0
128.0,128.0,23.37747073173523,221.07729935646057,93.10886907577516,0.0
128.0,128.0,23.37747073173523,220.88906836509702,93.48533105850218,0.0
128.0,128.0,23.307907104492188,193.18637681007385,94.51650953292845,0.0
128.0,128.0,23.307907104492188,189.17214632034302,94.77021217346191,0.0
128.0,128.0,23.307907104492188,189.17214632034302,94.51650953292845,0.0
128.0,128.0,23.307907104492188,153.23230290412903,97.91285133361815,0.0
128.0,128.0,23.307907104492188,179.67875719070437,97.91285133361815,0.0
128.0,128.0,23.36110281944275,153.23230290412903,98.20747375488281,0.0
128.0,128.0,23.373378753662106,150.57251715660095,98.84173035621644,0.0
128.0,128.0,23.38974666595459,137.2163007259369,97.91285133361815,0.0
128.0,128.0,22.878249406814575,137.04443764686584,92.94109797477722,0.0
128.0,128.0,22.05576181411743,137.02806973457336,95.08120250701904,0.0
128.0,128.0,22.432223796844486,93.52215886116029,95.08120250701904,0.0
128.0,128.0,81.55721497535706,63.86350178718567,90.30995607376097,0.0
128.0,128.0,87.63380241394043,61.82160472869873,71.9656183719635,0.0
128.0,128.0,101.57107973098756,60.12343382835388,62.369929790496826,0.0
128.0,128.0,113.42963218688963,57.59868335723877,59.538280963897705,0.0
128.0,128.0,129.37607073783875,52.2954797744751,64.4813904762268,0.0
128.0,128.0,157.4183964729309,53.13842725753785,93.07613325119017,0.0
128.0,128.0,179.8669881820679,52.63920593261718,93.57126259803772,0.0
128.0,128.0,194.28302693367004,53.13842725753785,92.17999005317688,0.0
128.0,128.0,138.73033261299133,53.51488924026489,88.52585363388062,0.0
128.0,128.0,136.5288484096527,57.459556102752686,87.56423878669739,0.0
128.0,128.0,154.34532094001767,62.66455221176147,87.13867306709288,0.0
128.0,128.0,226.31093931198117,63.64253497123718,60.499895811080926,0.0
128.0,128.0,232.19520378112796,63.64253497123718,59.849271297454834,0.0
128.0,128.0,231.4954755306244,53.25709462165832,59.849271297454834,0.0
128.0,128.0,229.74410891532898,37.07332134246826,62.938714742660515,0.0
128.0,128.0,229.74410891532898,33.3987250328064,57.95877742767333,0.0
128.0,128.0,229.74410891532898,34.053441524505615,80.83702683448793,0.0
128.0,128.0,232.50619411468506,34.065717458724976,90.26085233688354,0.0
128.0,128.0,300.0,34.065717458724976,98.22384166717531,0.0
128.0,128.0,300.0,33.84884262084961,110.9580774307251,0.0
128.0,128.0,300.0,33.84884262084961,115.76615166664124,0.0
128.0,128.0,300.0,33.98387789726257,114.35441923141478,0.0
128.0,128.0,300.0,34.037073612213135,115.16053891181946,0.0
139.0,87.0,300.0,34.016613721847534,116.24491310119629,0.10286555309884751
149.0,0.0,300.0,34.032981634140015,117.0837686061859,1.0
24.0,0.0,163.66684699058533,34.56493878364563,50.65050458908081,1.0
0.0,84.0,163.66684699058533,53.187530994415276,43.97239637374878,1.0
0.0,95.0,213.74856662750244,54.681102991104126,43.88646483421326,1.0
0.0,95.0,177.92739057540894,54.681102991104126,42.36015701293946,1.0
0.0,103.0,169.10508584976196,67.65676546096802,42.47882437705994,1.0
0.0,128.0,167.06318879127502,71.87559485435486,42.47882437705994,1.0
128.0,128.0,183.98761010169983,77.80077910423279,112.74217987060547,0.0
128.0,128.0,138.07561612129211,152.76581740379336,120.46374249458313,0.0
128.0,110.0,137.57639479637146,152.6962537765503,123.19309186935425,0.019775390625
128.0,0.0,136.3242495059967,152.51211476325986,123.19309186935425,1.0
255.0,49.0,133.34119749069214,150.5193214416504,112.22659063339233,1.0
128.0,128.0,125.08358573913574,55.233520030975335,106.219566822052,0.0
255.0,128.0,104.30042910575867,54.988001346588135,104.34953284263611,0.98443603515625
128.0,128.0,122.25193691253662,33.57058811187744,99.51281476020813,0.0
128.0,128.0,166.2243332862854,24.662351846694946,22.89461731910706,0.0
128.0,128.0,166.77265834808352,24.49458074569702,22.931445121765137,0.0
128.0,128.0,166.80539417266846,24.49458074569702,23.05011248588562,0.0
128.0,128.0,167.27187967300415,24.543684482574463,23.066480398178097,0.0
128.0,128.0,167.21868395805356,24.543684482574463,23.05011248588562,0.0
128.0,72.0,167.03045296669004,24.543684482574463,22.89461731910706,0.19140625
128.0,71.0,167.03045296669004,24.47412085533142,22.845513582229614,0.19830322265625
128.0,43.0,166.10157394409177,24.47412085533142,22.74321413040161,0.44097900390625
128.0,38.0,166.63762307167053,24.52322459220886,22.514063358306885,0.494384765625
128.0,38.0,166.63762307167053,24.44138503074646,22.514063358306885,0.494384765625
128.0,37.0,162.07097554206848,24.318625688552853,23.013284683227536,0.50543212890625
128.0,37.0,154.98366951942444,24.011727333068844,23.704828977584835,0.50543212890625
128.0,37.0,154.98366951942444,23.888967990875244,24.318625688552853,0.50543212890625
128.0,37.0,142.7077353000641,23.647541284561157,24.78101921081543,0.50543212890625
128.0,37.0,139.27865767478943,23.37747073173523,25.214768886566162,0.50543212890625
128.0,37.0,136.2424099445343,23.47567820549011,25.43573570251465,0.50543212890625
128.0,0.0,126.85541224479675,23.545241832733154,26.638777256011963,1.0
128.0,0.0,123.19718384742737,153.52283334732056,99.73787355422974,1.0
128.0,0.0,111.0440089702606,154.27984929084778,101.71020698547363,1.0
128.0,0.0,105.2620439529419,153.52283334732056,74.64177203178406,1.0
128.0,0.0,94.63926887512206,130.90237855911255,47.21324300765991,1.0
128.0,0.0,88.38672637939453,58.1142725944519,48.727274894714355,1.0
128.0,0.0,75.75479006767273,57.70098280906677,49.56613039970398,1.0
181.0,0.0,66.60921907424927,58.011973142623894,53.277554512023926,1.0
180.0,0.0,61.18734812736511,58.011973142623894,54.92252969741821,1.0
83.0,0.0,51.55892372131348,57.25495719909668,54.341468811035156,1.0
13.0,0.0,43.95193648338318,55.65908575057983,54.47650408744812,1.0
32.0,0.0,40.96888446807861,55.65908575057983,54.611539363861084,1.0
255.0,0.0,34.18847680091858,58.09790468215942,56.17467498779297,1.0
128.0,128.0,27.923658370971676,66.02815818786621,93.95181655883789,0.0
128.0,128.0,19.13408946990967,104.74645471572876,103.82166767120363,0.0
128.0,128.0,17.607781648635864,196.80777740478513,103.82166767120363,0.0
128.0,128.0,17.525942087173462,196.89370894432065,103.82166767120363,0.0
128.0,128.0,17.50957417488098,196.89370894432065,104.74645471572876,0.0
128.0,128.0,17.525942087173462,197.23743510246277,104.36999273300171,0.0
128.0,128.0,17.554585933685303,197.23743510246277,104.77919054031372,0.0
128.0,128.0,17.542309999465942,196.6727421283722,104.55413174629211,0.0
128.0,128.0,17.542309999465942,197.16787147521973,104.55413174629211,0.0
128.0,128.0,17.50548219680786,197.16787147521973,106.4446256160736,0.0
128.0,128.0,17.542309999465942,197.16787147521973,105.3643434047699,0.0
128.0,128.0,17.525942087173462,197.54433345794678,105.3643434047699,0.0
128.0,128.0,17.525942087173462,197.16787147521973,105.15974450111389,0.0
128.0,128.0,17.542309999465942,196.75458168983462,103.8380355834961,0.0
128.0,128.0,17.554585933685303,145.21611785888672,103.76847195625305,0.0
128.0,128.0,17.554585933685303,113.72016263008118,103.61297678947447,0.0
128.0,128.0,17.558677911758423,113.34779262542725,103.51067733764647,0.0
128.0,128.0,17.48911428451538,150.539781332016,103.74801206588744,0.0
128.0,128.0,17.48911428451538,150.539781332016,103.74801206588744,0.0
128.0,128.0,17.542309999465942,152.23386025428772,103.74801206588744,0.0
128.0,128.0,17.542309999465942,151.9924335479736,105.03698515892029,0.0
128.0,128.0,17.41955065727234,152.5939543247223,103.58024096488951,0.0
128.0,128.0,17.247687578201294,225.62757897377014,103.58024096488951,0.0
128.0,128.0,17.247687578201294,225.62757897377014,94.56970524787903,0.0
128.0,128.0,18.91312265396118,62.40675759315491,89.5202043056488,0.0
128.0,128.0,80.1864023208618,59.58738470077515,88.63224506378174,0.0
128.0,128.0,83.70550346374512,59.58738470077515,74.89956665039062,0.0
128.0,128.0,96.02644944190979,59.64058041572571,61.973007917404175,0.0
128.0,128.0,107.28348112106323,57.68461489677429,59.67331624031067,0.0
128.0,128.0,125.80377388000488,55.95370817184448,64.96015191078186,0.0
128.0,128.0,150.744380235672,55.008461236953735,71.34772968292236,0.0
128.0,128.0,168.88411903381348,54.42330837249756,95.63361954689024,0.0
128.0,128.0,185.47709012031555,53.924087047576904,93.77995347976685,0.0
128.0,128.0,134.66290640830994,56.5879647731781,86.89724636077881,0.0
128.0,128.0,177.44862914085385,59.505545139312744,65.35707378387451,0.0
128.0,128.0,177.44862914085385,63.10648584365845,63.57297134399413,0.0
128.0,128.0,218.15971899032593,64.63688564300537,62.76685166358947,0.0
128.0,128.0,225.46799182891846,64.01899695396423,66.84655380249023,0.0
128.0,128.0,225.46799182891846,60.47943592071533,66.84655380249023,0.0
128.0,128.0,223.61432576179504,57.75417852401733,72.47711563110352,0.0
128.0,128.0,226.96156382560727,45.895626068115234,46.975908279418945,0.0
128.0,128.0,227.80451130867004,45.69102716445923,46.975908279418945,0.0
128.0,128.0,227.80451130867004,44.94628715515137,44.55754923820496,0.0
128.0,128.0,300.0,44.93401122093201,43.1826446056366,0.0
128.0,128.0,300.0,44.84807968139648,42.83891844749451,0.0
128.0,128.0,300.0,44.33249044418335,42.83891844749451,0.0
128.0,128.0,300.0,44.33249044418335,42.83891844749451,0.0
128.0,128.0,300.0,44.160627365112305,42.83891844749451,0.0
128.0,128.0,300.0,44.02559208869934,43.07625317573548,0.0
128.0,0.0,300.0,44.02559208869934,43.07625317573548,1.0
128.0,0.0,300.0,44.02559208869934,42.789814710617065,1.0
128.0,0.0,216.3878924846649,44.02559208869934,40.07683324813843,1.0
186.0,0.0,213.69537091255188,42.85528635978698,40.07683324813843,1.0
128.0,0.0,200.85883569717407,40.318259954452515,37.556174755096436,1.0
0.0,0.0,173.48350238800046,61.23645186424255,62.938714742660515,1.0
128.0,128.0,142.5072283744812,78.21406888961792,62.938714742660515,0.0
128.0,128.0,180.4030373096466,28.93437695503235,29.69139289855957,0.0
128.0,128.0,181.07002973556519,24.81784701347351,26.053624391555786,0.0
128.0,128.0,180.96773028373718,24.78101921081543,25.726266145706177,0.0
128.0,114.0,180.96773028373718,24.78101921081543,25.951324939727783,0.011962890625
128.0,79.0,180.14524269104004,24.678719758987427,25.713990211486816,0.14654541015625
128.0,35.0,179.7483208179474,24.592788219451904,25.58713889122009,0.52789306640625
128.0,36.0,180.14524269104004,23.78666853904724,25.452103614807125,0.5166015625
128.0,53.0,210.40132856369019,22.34629225730896,25.11246943473816,0.34332275390625
128.0,53.0,175.32080054283142,22.297188520431515,24.560052394866943,0.34332275390625
128.0,53.0,162.79116368293765,22.67365050315857,24.285889863967896,0.34332275390625
128.0,53.0,161.2812237739563,23.753932714462277,24.07719898223877,0.34332275390625
128.0,53.0,109.74275994300842,24.302257776260376,23.893059968948364,0.34332275390625
140.0,49.0,158.0894808769226,25.006078004837036,23.582069635391235,0.3810217926749527
145.0,48.0,152.8026452064514,26.016796588897705,23.39383864402771,0.39102305634836654
150.0,47.0,152.8026452064514,26.622409343719482,22.174429178237915,0.401539790962307
153.0,44.0,148.25236558914185,28.214188814163204,20.62766146659851,0.432350235632919
153.0,43.0,136.37744522094727,29.552265644073483,20.27165937423706,0.4426258842510062
153.0,39.0,132.89517188072205,30.06785488128662,20.40669465065002,0.4849621152460221
161.0,0.0,126.8676881790161,32.989527225494385,25.398907899856564,1.0
128.0,0.0,122.37060427665709,157.79895043373108,103.25288271903992,1.0
0.0,0.0,115.21782660484314,157.79895043373108,103.37155008316039,1.0
0.0,0.0,107.00931859016418,82.91165971755981,103.68254041671752,1.0
128.0,0.0,99.43915915489197,62.19806671142578,102.68409776687622,1.0
175.0,0.0,94.43057799339294,62.19806671142578,53.461693525314324,1.0
128.0,0.0,86.58625602722168,60.89272570610046,51.812626361846924,1.0
4.0,0.0,72.30934453010559,57.00125455856323,56.57159686088562,1.0
128.0,0.0,65.44300532341003,55.2457959651947,56.82529950141907,1.0
128.0,0.0,63.605707168579094,56.62070059776306,54.337376832962036,1.0
155.0,0.0,54.18188166618347,57.770546436309814,53.13842725753785,1.0
169.0,0.0,50.323146343231194,59.95157074928284,51.30112910270691,1.0
46.0,0.0,39.78221082687378,59.45234942436218,51.30112910270691,1.0
67.0,0.0,33.96750998497009,59.65694832801819,56.42837762832641,1.0
128.0,128.0,27.64949584007263,61.37557911872864,89.2133059501648,0.0
128.0,128.0,23.565701723098755,103.35518217086792,101.57107973098756,0.0
128.0,128.0,22.80868577957153,120.81156063079834,103.9403350353241,0.0
128.0,128.0,22.775949954986572,195.55563211441037,104.66052317619324,0.0
148.0,19.0,22.80868577957153,196.18988871574402,121.97777438163757,0.7255695515729549
128.0,128.0,22.775949954986572,195.71112728118896,121.97777438163757,0.0
128.0,128.0,20.63175344467163,186.71286749839783,121.97777438163757,0.0
128.0,128.0,19.805173873901367,98.96039772033691,131.53663516044617,0.0
128.0,128.0,18.9990541934967,98.91129398345946,134.6956422328949,0.0
128.0,128.0,15.463585138320923,103.80120778083801,141.18142747879028,0.0
128.0,128.0,14.36284303665161,104.2676932811737,141.04639220237732,0.0
128.0,128.0,13.62628698348999,141.20188736915588,113.32733273506163,0.0
128.0,128.0,13.438055992126467,141.52515363693237,112.63988041877747,0.0
128.0,128.0,13.438055992126467,141.45968198776245,112.63988041877747,0.0
128.0,128.0,13.315296649932861,141.45968198776245,110.34018874168396,0.0
128.0,128.0,13.315296649932861,141.20188736915588,110.23788928985596,0.0
128.0,128.0,13.372584342956543,141.42285418510437,108.40059113502502,0.0
128.0,128.0,13.388952255249023,141.1650595664978,110.54887962341309,0.0
128.0,128.0,13.319388628005981,139.72468328475952,99.48007893562317,0.0
128.0,128.0,13.319388628005981,139.3154854774475,97.38089418411253,0.0
128.0,128.0,13.29892873764038,139.3154854774475,97.1067316532135,0.0
128.0,128.0,13.335756540298464,137.9896845817566,104.26360130310057,0.0
128.0,128.0,13.35212445259094,126.13113212585449,101.01866269111632,0.0
128.0,128.0,13.335756540298464,124.40022540092468,107.13207793235779,0.0
128.0,128.0,13.319388628005981,124.40022540092468,95.39219284057617,0.0
128.0,128.0,13.28665280342102,127.46920895576477,95.39219284057617,0.0
128.0,128.0,13.200721263885498,138.79989624023438,95.6827232837677,0.0
128.0,128.0,13.200721263885498,139.00040316581726,95.17122602462769,0.0
128.0,128.0,13.442147970199583,138.6607689857483,94.75793623924255,0.0
128.0,128.0,15.668184041976929,55.642717838287346,96.1287488937378,0.0
128.0,128.0,61.73567318916321,54.574711561203,62.337193965911865,0.0
128.0,128.0,70.12832021713257,54.5951714515686,62.337193965911865,0.0
128.0,128.0,96.50521087646484,55.83094882965087,63.6261670589447,0.0
128.0,128.0,112.32889008522034,56.27697443962097,57.56185555458069,0.0
128.0,128.0,115.86845111846924,58.764897108077996,55.62225794792175,0.0
128.0,128.0,125.80377388000488,59.02269172668457,62.013927698135376,0.0
128.0,128.0,133.97545409202576,59.02269172668457,66.30232071876526,0.0
128.0,128.0,145.45345258712769,58.54393029212952,66.30232071876526,0.0
128.0,128.0,159.97588276863098,59.3336820602417,47.524233341217034,0.0
128.0,128.0,177.39952540397644,61.940272092819214,45.273645401000984,0.0
128.0,128.0,193.2027447223663,62.955082654952996,48.088926315307624,0.0
128.0,128.0,199.45119524002072,63.261981010437005,54.18597364425659,0.0
128.0,128.0,211.4488749504089,63.09011793136597,74.96913027763367,0.0
128.0,128.0,215.63496851921082,62.026203632354736,72.46483969688416,0.0
128.0,128.0,218.65484833717343,60.827254056930535,41.3126106262207,0.0
128.0,128.0,219.87425780296323,44.520721435546875,41.12437963485718,0.0
128.0,128.0,224.91966676712036,44.520721435546875,41.89776349067689,0.0
128.0,128.0,225.1078977584839,44.59028506278992,42.01643085479736,0.0
128.0,128.0,225.1078977584839,44.59028506278992,42.01643085479736,0.0
128.0,128.0,225.41888809204102,44.59028506278992,42.01643085479736,0.0
128.0,128.0,300.0,44.00513219833374,41.87730360031128,0.0
128.0,128.0,300.0,44.40205407142639,42.0859944820404,0.0
128.0,128.0,300.0,44.40205407142639,42.118730306625366,0.0
128.0,128.0,300.0,44.41842198371887,42.18420195579529,0.0
128.0,0.0,229.91597199440002,44.41842198371887,42.22102975845337,1.0
128.0,0.0,228.19734120368955,44.72532033920288,42.22102975845337,1.0
128.0,0.0,217.14900040626523,44.897183418273926,40.78065347671509,1.0
128.0,0.0,201.19846987724307,43.64503812789917,40.78065347671509,1.0
128.0,0.0,204.97945761680603,38.546433448791504,38.566893339157104,1.0
128.0,0.0,194.06206011772156,38.546433448791504,106.70242023468018,1.0
128.0,128.0,184.69143033027652,68.20509052276611,69.37130427360535,0.0
128.0,128.0,180.1575186252594,31.614622592926022,20.28802728652954,0.0
128.0,128.0,178.66803860664368,30.943538188934326,17.611873626708984,0.0
168.0,112.0,177.69005584716797,30.943538188934326,17.44001054763794,0.09889835079040753
201.0,84.0,174.35918569564822,30.963998079299927,17.284515380859375,0.3460555408560702
187.0,71.0,175.5622272491455,30.550708293914795,17.284515380859375,0.2906283803968825
128.0,72.0,179.10997223854062,29.44996619224548,17.349987030029297,0.19140625
128.0,54.0,187.43714761734006,27.61266803741455,18.81082320213318,0.334228515625
128.0,21.0,228.71702241897586,27.031607151031494,19.375516176223755,0.69879150390625
128.0,14.0,211.792601108551,26.94567561149597,19.51464343070984,0.793212890625
128.0,78.0,173.70446920394897,26.606041431427002,20.59492564201355,0.152587890625
128.0,77.0,166.28980493545532,25.934957027435303,21.556540489196774,0.15875244140625
128.0,76.0,160.76563453674316,25.419367790222168,22.22762489318848,0.1650390625
128.0,63.0,170.1894600391388,25.333436250686646,22.53452324867249,0.25787353515625
128.0,42.0,170.1894600391388,24.785111188888546,22.706386327743527,0.451416015625
128.0,41.0,155.52790260314944,24.629616022109985,23.1687798500061,0.46197509765625
128.0,74.0,155.37649941444394,23.893059968948364,24.339085578918457,0.177978515625
115.0,128.0,150.69118452072144,23.046020507812496,25.312976360321045,0.01031494140625
84.0,128.0,149.2017045021057,21.62610411643982,26.29505109786987,0.1181640625
0.0,76.0,149.2017045021057,21.540172576904297,26.55284571647644,1.0
0.0,71.0,148.11733031272888,20.766788721084595,27.64949584007263,1.0
0.0,81.0,121.89184284210204,19.633310794830322,30.362477302551266,1.0
0.0,94.0,121.15119481086731,18.966318368911743,33.709715366363525,1.0
0.0,95.0,118.13131499290466,19.379608154296875,108.58882212638854,1.0
0.0,96.0,108.74431729316711,24.74828338623047,112.12838315963745,1.0
0.0,96.0,102.79048919677733,26.258223295211792,99.16908860206604,1.0
0.0,96.0,93.6080904006958,79.46212220191956,82.2978630065918,1.0
0.0,96.0,85.33820271492006,79.46212220191956,56.89486312866211,1.0
0.0,96.0,75.00186610221864,47.217334985733025,59.29685425758362,1.0
0.0,96.0,66.59285116195679,46.8245050907135,61.4083149433136,1.0
0.0,96.0,62.54179286956787,49.58659029006958,61.46151065826416,1.0
0.0,95.0,53.568084955215454,50.9737708568573,59.64467239379883,1.0
0.0,95.0,49.94259238243103,51.6243953704834,58.764897108077996,1.0
0.0,95.0,38.08403992652893,54.4928719997406,57.68461489677429,1.0
182.0,128.0,32.35117864608765,55.54041838645934,93.19480061531067,0.177978515625
128.0,128.0,26.655145168304443,61.134152412414544,100.86725950241089,0.0
128.0,128.0,20.885456085205078,136.2219500541687,100.86725950241089,0.0
128.0,128.0,20.57855772972107,196.36175179481506,104.2676932811737,0.0
128.0,128.0,20.852720260620117,197.04920411109924,103.42065382003784,0.0
128.0,128.0,20.852720260620117,197.04920411109924,103.42065382003784,0.0
128.0,128.0,20.832260370254517,196.05076146125793,103.42065382003784,0.0
128.0,128.0,20.508994102478024,172.09222984313968,102.1726005077362,0.0
128.0,128.0,20.472166299819946,198.48958039283752,101.87797808647157,0.0
128.0,128.0,20.529453992843628,136.27105379104614,103.61297678947447,0.0
128.0,128.0,20.57855772972107,136.27105379104614,105.00424933433533,0.0
128.0,128.0,20.57855772972107,196.73821377754211,106.94384694099426,0.0
128.0,128.0,20.59492564201355,196.73821377754211,106.53055715560913,0.0
128.0,128.0,20.56218981742859,196.91007685661313,103.62934470176697,0.0
128.0,128.0,20.90591597557068,224.90329885482788,102.43039512634277,0.0
128.0,128.0,20.90591597557068,224.90329885482788,103.90350723266602,0.0
128.0,128.0,20.885456085205078,225.30022072792053,102.43039512634277,0.0
128.0,128.0,20.93865180015564,115.32012605667114,101.79613852500916,0.0
128.0,128.0,20.803616523742676,222.93096542358398,100.23300290107726,0.0
128.0,128.0,20.251199483871456,171.28611016273499,104.8978579044342,0.0
128.0,128.0,20.251199483871456,60.55309152603149,94.75793623924255,0.0
128.0,128.0,64.12129640579224,56.5879647731781,82.74388861656188,0.0
128.0,128.0,74.65813994407654,55.835040807724,66.09362983703613,0.0
128.0,128.0,104.6932590007782,55.16395640373229,63.622075080871575,0.0
128.0,128.0,117.91034817695618,56.0191798210144,55.41765904426575,0.0
128.0,128.0,129.3065071105957,57.15265774726868,54.370112657547,0.0
128.0,128.0,129.3065071105957,57.32452082633972,62.52133297920227,0.0
128.0,128.0,126.90042400360106,57.3408887386322,63.55660343170166,0.0
128.0,128.0,128.9791488647461,57.75417852401733,62.52133297920227,0.0
128.0,128.0,142.6913673877716,60.92955350875854,63.77757024765014,0.0
128.0,128.0,158.65417385101318,65.78673148155212,70.43521857261658,0.0
128.0,128.0,175.30443263053894,66.02406620979309,64.37499904632568,0.0
128.0,128.0,181.83932161331177,65.21794652938843,63.315176725387566,0.0
128.0,128.0,193.92293286323547,64.53049421310425,63.315176725387566,0.0
128.0,128.0,206.84539961814878,41.53357744216919,34.25804042816162,0.0
128.0,128.0,213.37210464477542,41.53357744216919,35.080528020858765,0.0
128.0,128.0,215.30761027336118,41.57040524482727,36.181270122528076,0.0
128.0,128.0,218.81034350395203,41.15711545944214,38.599629163742065,0.0
128.0,128.0,219.46096801757812,41.15711545944214,38.599629163742065,0.0
128.0,128.0,219.44869208335876,42.118730306625366,38.9924590587616,0.0
128.0,128.0,218.63848042488095,43.25220823287964,38.29273080825806,0.0
128.0,128.0,218.57300877571103,43.66140604019165,38.3418345451355,0.0
128.0,128.0,218.57300877571103,43.816901206970215,38.32546663284302,0.0
128.0,128.0,218.9658386707306,43.816901206970215,38.32546663284302,0.0
128.0,128.0,219.6000952720642,43.23584032058716,38.272270917892456,0.0
128.0,0.0,219.6000952720642,43.04351735115051,38.272270917892456,1.0
128.0,0.0,218.75714778900144,45.20817375183105,37.568450689315796,1.0
128.0,0.0,210.20900559425354,45.20817375183105,36.00531506538391,1.0
128.0,84.0,203.4326899051666,45.187713861465454,35.90710759162903,0.1181640625
128.0,128.0,188.58699345588684,65.23431444168091,36.00531506538391,0.0
128.0,128.0,187.23254871368405,185.51391792297363,98.15427803993225,0.0
128.0,79.0,187.30211234092712,185.44435429573056,98.15427803993225,0.14654541015625
128.0,76.0,187.23254871368405,185.05152440071106,98.15427803993225,0.1650390625
128.0,108.0,187.67857432365415,96.62387824058533,97.24585890769958,0.0244140625
128.0,107.0,189.82277083396912,84.92491292953493,98.33023309707643,0.02691650390625
128.0,70.0,188.32919883728027,185.32568693161008,96.40291142463684,0.205322265625
128.0,62.0,188.32919883728027,185.32568693161008,96.40291142463684,0.265869140625
128.0,45.0,187.38395190238953,94.03774809837341,95.61725163459778,0.42047119140625
128.0,43.0,186.04587507247925,90.27722024917603,90.93193674087523,0.44097900390625
58.0,103.0,184.93285703659055,90.27722024917603,29.212631464004517,0.30149529281384685
0.0,100.0,59.31731414794922,70.35337901115417,28.98757266998291,1.0
0.0,100.0,55.09439277648925,18.843559026718136,29.64228916168213,1.0
0.0,100.0,48.4326524734497,15.893242835998533,31.340460062026978,1.0
0.0,106.0,43.04351735115051,14.33010721206665,33.57468008995056,1.0
0.0,106.0,140.40804362297058,13.474883794784546,35.16645956039429,1.0
0.0,107.0,140.40804362297058,12.840627193450926,37.212448596954346,1.0
0.0,111.0,128.68861842155457,12.840627193450926,38.04721212387084,1.0
0.0,112.0,125.41094398498535,18.45072913169861,92.8347065448761,1.0
0.0,113.0,111.64552974700928,139.1722662448883,109.24353861808778,1.0
0.0,113.0,105.86356472969054,141.45559000968933,108.22872805595398,1.0
0.0,112.0,95.85867834091187,141.92207551002502,54.74657464027405,1.0
0.0,112.0,89.4179048538208,47.06183981895447,54.74657464027405,1.0
0.0,112.0,79.27389121055602,46.959540367126465,57.75417852401733,1.0
0.0,112.0,70.18151593208313,47.72883224487304,60.15616965293884,1.0
0.0,112.0,60.89272570610046,50.08171963691711,61.46151065826416,1.0
0.0,112.0,54.988001346588135,51.522095918655396,60.434424161911004,1.0
0.0,52.0,47.81476378440856,52.45097494125366,57.083094120025635,1.0
255.0,160.0,37.96537256240845,35.35469055175781,55.949616193771355,0.9864180438912081
128.0,128.0,32.78083634376526,31.44275951385498,84.45842742919922,0.0
128.0,128.0,32.02382040023804,31.51232314109802,95.15485811233522,0.0
128.0,128.0,32.04428029060364,32.1997754573822,94.86023569107056,0.0
128.0,128.0,32.0974760055542,32.1997754573822,94.94616723060606,0.0
128.0,128.0,32.21614336967468,32.1793155670166,94.54924535751343,0.0
128.0,128.0,32.18340754508972,32.21205139160156,93.96818447113037,0.0
128.0,128.0,32.18340754508972,32.71127271652222,94.32827854156494,0.0
128.0,128.0,32.0770161151886,32.608973264694214,94.39784216880798,0.0
128.0,128.0,32.13021183013916,32.52304172515869,94.39784216880798,0.0
128.0,128.0,32.08110809326172,32.52304172515869,94.39375019073486,0.0
128.0,128.0,32.334810733795166,32.46984601020813,94.96253514289856,0.0
128.0,128.0,32.43711018562317,32.248879194259644,94.96253514289856,0.0
128.0,128.0,32.09338402748108,32.1793155670166,95.25306558609007,0.0
128.0,128.0,32.0770161151886,32.1793155670166,95.25306558609007,0.0
128.0,128.0,32.14657974243164,32.334810733795166,94.39784216880798,0.0
128.0,0.0,32.14657974243164,32.334810733795166,94.39784216880798,1.0
128.0,128.0,32.00745248794556,33.038630962371826,94.39784216880798,0.0
128.0,128.0,29.29856300354004,102.22170424461365,96.02644944190979,0.0
152.0,0.0,24.04855513572693,116.31038475036621,96.02644944190979,1.0
128.0,128.0,23.463402271270752,118.83513522148132,102.61862611770628,0.0
128.0,111.0,22.190797090530396,112.55394887924194,104.55822372436523,0.01763916015625
128.0,128.0,22.158061265945435,111.1626763343811,107.4389762878418,0.0
128.0,128.0,19.837909698486328,111.51049447059631,105.87993264198303,0.0
128.0,0.0,18.688063859939575,117.84078454971313,101.93117380142212,1.0
128.0,128.0,17.79601263999939,197.56070137023926,101.93117380142212,0.0
128.0,128.0,15.72137975692749,200.51510953903198,103.596608877182,0.0
128.0,128.0,15.222158432006836,214.03909707069397,105.15974450111389,0.0
128.0,128.0,15.222158432006836,220.717205286026,104.16130185127257,0.0
128.0,128.0,15.500412940979002,220.64354968070984,103.3347222805023,0.0
128.0,128.0,15.156686782836914,151.0881063938141,103.3347222805023,0.0
128.0,128.0,15.189422607421873,150.1755952835083,103.3347222805023,0.0
128.0,128.0,15.156686782836914,150.02419209480286,104.00989866256714,0.0
128.0,128.0,15.242618322372437,149.88506484031677,104.19812965393066,0.0
128.0,128.0,15.242618322372437,142.9327940940857,103.19968700408934,0.0
128.0,128.0,15.41038942337036,198.12948632240293,101.67337918281557,0.0
128.0,128.0,16.42519998550415,146.3127679824829,101.67337918281557,0.0
128.0,128.0,25.984060764312744,61.04822087287902,89.28286957740784,0.0
128.0,128.0,94.03774809837341,58.43753886222839,62.12850308418274,0.0
128.0,128.0,102.27489995956421,58.43753886222839,55.024829149246216,0.0
128.0,128.0,128.25896072387695,55.84731674194335,54.82023024559021,0.0
128.0,128.0,137.73188996315002,55.84731674194335,61.37557911872864,0.0
128.0,128.0,143.5015790462494,56.55113697052002,66.04452610015869,0.0
128.0,128.0,156.27264261245725,57.394084453582764,66.10999774932861,0.0
128.0,128.0,168.1639308929443,57.66824698448181,49.15284061431885,0.0
128.0,128.0,182.57996964454648,58.67896556854247,50.08171963691711,0.0
128.0,128.0,182.57996964454648,58.20020413398742,53.06886363029479,0.0
128.0,128.0,197.7530243396759,58.20020413398742,92.57691192626953,0.0
128.0,128.0,212.6478245258331,59.96793866157532,98.92766189575195,0.0
128.0,128.0,220.6967453956604,59.521913051605225,75.29239654541016,0.0
128.0,128.0,223.9948797225952,45.36366891860961,43.16627669334411,0.0
128.0,128.0,224.83782720565796,43.57547450065612,41.88139557838439,0.0
128.0,128.0,223.77391290664673,43.3872435092926,41.689072608947754,0.0
128.0,128.0,223.37699103355408,43.57547450065612,41.63587689399719,0.0
128.0,128.0,223.47929048538208,43.3872435092926,41.89367151260376,0.0
128.0,128.0,224.80099940299988,43.76779747009277,41.89367151260376,0.0
128.0,128.0,225.24702501296997,43.849637031555176,41.93049931526184,0.0
128.0,0.0,226.27820348739624,43.76779747009277,41.61950898170471,1.0
128.0,0.0,225.28385281562805,43.816901206970215,41.51720952987671,1.0
128.0,0.0,219.39140439033505,60.7372305393219,39.2175178527832,1.0
128.0,0.0,206.50576543807983,60.7372305393219,36.06260275840759,1.0
128.0,0.0,203.55544924736023,62.42312550544739,35.54701352119446,1.0
128.0,40.0,193.08407735824585,89.72480320930481,34.60176658630371,0.47265625
128.0,49.0,184.41726779937744,85.52234172821045,31.08266544342041,0.38092041015625
128.0,49.0,174.51058888435364,23.663909196853638,23.614805459976196,0.38092041015625
128.0,49.0,174.44511723518374,23.528873920440674,23.34064292907715,0.38092041015625
128.0,49.0,169.86210179328918,24.06492304801941,23.013284683227536,0.38092041015625
128.0,49.0,174.51058888435364,24.506856679916382,22.996916770935062,0.38092041015625
128.0,49.0,216.7520785331726,24.969250202178955,22.37902808189392,0.38092041015625
128.0,49.0,216.7520785331726,26.499650001525875,22.088497638702393,0.38092041015625
128.0,48.0,153.30186653137207,26.794272422790527,21.933002471923828,0.390625
128.0,48.0,149.074853181839,27.20347023010254,21.282377958297733,0.390625
128.0,48.0,147.05341601371765,27.375333309173584,20.889548063278195,0.390625
128.0,48.0,137.5436589717865,29.03667640686035,20.337131023406986,0.390625
128.0,48.0,132.723308801651,29.740496635437008,19.85836958885193,0.390625
128.0,48.0,129.87120008468628,31.45912742614746,20.234831571578983,0.390625
128.0,0.0,123.91737198829651,65.97496247291565,66.90384149551392,1.0
128.0,0.0,117.52979421615599,193.89019703865054,121.99414229393004,1.0
255.0,0.0,109.8409674167633,176.84710836410522,28.0095899105072,1.0
227.0,0.0,101.29282522201537,153.98931884765625,28.0095899105072,1.0
203.0,0.0,92.42141675949097,69.80505394935608,51.67759108543396,1.0
128.0,0.0,79.78948044776917,65.16884279251099,52.03768515586853,1.0
48.0,0.0,72.65307068824768,49.46383094787598,52.26274394989014,1.0
0.0,0.0,67.53809809684753,50.662780523300164,56.24423861503601,1.0
128.0,0.0,65.08291125297546,57.721442699432366,56.24423861503601,1.0
172.0,0.0,59.898375034332275,58.49073457717895,54.06321430206299,1.0
251.0,0.0,52.532814502716064,59.071795463562005,52.3977792263031,1.0
195.0,0.0,47.14777135848999,61.04822087287902,50.715976238250725,1.0
194.0,0.0,37.63801431655883,60.63902306556701,49.742085456848145,1.0
91.0,0.0,31.06220555305481,60.450792074203484,34.429903507232666,1.0
0.0,29.0,27.530828475952145,96.04281735420226,33.87748646736145,1.0
128.0,128.0,18.724891662597656,102.87642073631287,36.63957166671753,0.0
128.0,128.0,13.970013141632078,102.87642073631287,37.41295552253723,0.0
128.0,128.0,13.061594009399414,180.5012447834015,35.97257924079895,0.0
128.0,128.0,13.041134119033812,180.9309024810791,35.95621132850647,0.0
128.0,128.0,13.045226097106932,180.95136237144467,35.66568088531494,0.0
128.0,128.0,13.045226097106932,180.95136237144467,35.66568088531494,0.0
128.0,128.0,13.077961921691895,180.98000621795654,35.64931297302246,0.0
128.0,128.0,12.996122360229492,180.81223511695862,35.98894715309143,0.0
128.0,128.0,13.045226097106932,180.45214104652405,35.73115253448486,0.0
128.0,128.0,13.045226097106932,180.81223511695862,35.57974934577942,0.0
128.0,128.0,13.077961921691895,181.8434135913849,35.57974934577942,0.0
128.0,128.0,13.094329833984375,181.8434135913849,35.54701352119446,0.0
128.0,128.0,13.094329833984375,134.60971069335938,35.57974934577942,0.0
128.0,128.0,13.094329833984375,117.59935784339905,35.63294506072998,0.0
128.0,128.0,13.110697746276855,100.21254301071167,36.537272214889526,0.0
128.0,128.0,13.127065658569336,99.02996134757996,36.455432653427124,0.0
128.0,128.0,13.110697746276855,101.12505412101744,36.488168478012085,0.0
128.0,128.0,13.094329833984375,99.02996134757996,36.488168478012085,0.0
128.0,128.0,13.094329833984375,101.98436951637268,36.439064741134644,0.0
128.0,128.0,13.098421812057495,101.98436951637268,36.38586902618408,0.0
128.0,128.0,13.098421812057495,101.64064335823059,35.62885308265686,0.0
128.0,128.0,13.077961921691895,103.392009973526,35.63294506072998,0.0
128.0,128.0,13.094329833984375,102.47949886322021,35.63294506072998,0.0
128.0,128.0,13.077961921691895,102.47949886322021,36.40223693847656,0.0
128.0,128.0,13.061594009399414,102.90915656089783,36.885090351104736,0.0
128.0,128.0,13.319388628005981,94.07048392295837,36.885090351104736,0.0
128.0,128.0,13.59355115890503,87.39646768569946,52.827436923980706,0.0
128.0,128.0,15.189422607421873,87.39646768569946,55.83094882965087,0.0
128.0,128.0,17.284515380859375,11.723517179489134,81.25031661987305,0.0
128.0,128.0,61.973007917404175,11.653953552246094,60.3116648197174,0.0
128.0,128.0,72.7390022277832,10.074450016021727,58.57666611671447,0.0
128.0,128.0,73.73335289955139,10.933765411376953,101.39921665191649,0.0
128.0,128.0,33.91431427001953,10.84783387184143,105.48710274696349,0.0
128.0,128.0,30.7553071975708,10.933765411376953,105.48710274696349,0.0
128.0,128.0,71.20860242843628,105.57303428649902,69.04803800582886,0.0
128.0,128.0,74.62540411949158,127.00681543350218,24.76465129852295,0.0
128.0,128.0,79.67081308364867,127.96843028068542,29.15943574905395,0.0
128.0,128.0,92.61373972892761,300.0,34.2948682308197,0.0
128.0,128.0,102.01710534095764,300.0,46.16569662094116,0.0
128.0,128.0,108.24509596824645,233.4146132469177,52.98293209075927,0.0
128.0,128.0,300.0,157.29563713073728,54.46013617515564,0.0
128.0,128.0,258.88717675209045,130.09625887870789,52.98293209075927,0.0
128.0,128.0,152.35661959648135,157.29563713073728,50.99013876914979,0.0
128.0,128.0,106.04770374298096,285.8655881881714,50.99013876914979,0.0
128.0,128.0,51.43616437911987,300.0,51.022874593734734,0.0
128.0,128.0,51.43616437911987,300.0,124.6907558441162,0.0
128.0,128.0,63.45021200180053,300.0,124.6907558441162,0.0
128.0,128.0,71.65462803840637,300.0,60.9622893333435,0.0
128.0,128.0,211.3424835205078,8.564510107040405,60.9622893333435,0.0
128.0,128.0,220.62718176841733,7.500595808029174,75.08779764175415,0.0
128.0,128.0,220.62718176841733,7.967081308364868,98.37524485588074,0.0
128.0,128.0,220.62718176841733,8.580878019332886,75.08779764175415,0.0
128.0,128.0,223.90894818305972,10.50410771369934,39.974533796310425,0.0
128.0,128.0,223.90894818305972,11.51482629776001,39.90497016906739,0.0
128.0,128.0,223.82301664352417,12.050875425338745,39.974533796310425,0.0
128.0,128.0,225.23065710067746,44.41842198371887,39.92133808135986,0.0
128.0,128.0,230.73845958709717,44.8112518787384,39.90497016906739,0.0
128.0,128.0,233.2263822555542,44.8112518787384,39.56124401092529,0.0
128.0,128.0,300.0,44.831711769104004,39.56124401092529,0.0
128.0,128.0,226.81016063690186,44.831711769104004,39.54487609863282,0.0
128.0,128.0,225.62348699569702,45.13861012458801,39.54078412055969,0.0
128.0,0.0,222.96779322624207,45.826062440872185,39.54078412055969,1.0
128.0,0.0,213.26571321487427,47.72883224487304,38.615997076034546,1.0
128.0,0.0,213.26571321487427,44.659848690032966,38.980183124542236,1.0
128.0,0.0,208.01570534706113,43.419979333877556,67.15754413604736,1.0
175.0,0.0,194.7822482585907,90.24039244651796,73.27095937728882,1.0
173.0,45.0,194.7822482585907,102.65136194229126,80.83702683448793,0.43826024384231077
128.0,40.0,179.79742455482483,30.411581039428707,19.567839145660404,0.47265625
128.0,41.0,178.82353377342224,27.41216111183166,19.567839145660404,0.46197509765625
128.0,87.0,178.82353377342224,26.655145168304443,20.099796295166012,0.10260009765625
128.0,21.0,175.75045824050903,26.380982637405392,20.729960918426514,0.69879150390625
128.0,16.0,165.05811953544617,25.82856559753418,21.212814331054688,0.765625
128.0,25.0,149.9709963798523,25.47256350517273,22.22762489318848,0.64752197265625
128.0,49.0,148.56335592269897,25.10837745666504,22.9846408367157,0.38092041015625
128.0,50.0,143.7061779499054,24.506856679916382,23.324275016784668,0.371337890625
128.0,50.0,137.7687177658081,24.167222499847412,24.40455722808838,0.371337890625
128.0,61.0,134.07775354385376,23.974899530410767,24.81784701347351,0.27398681640625
128.0,73.0,127.21141433715819,24.167222499847412,26.806548357009884,0.18463134765625
128.0,0.0,125.16951727867126,97.00852417945862,66.84655380249023,1.0
128.0,0.0,122.80026197433472,160.74926662445068,104.30042910575867,1.0
128.0,0.0,111.33453941345215,153.86655950546265,106.57966089248656,1.0
128.0,0.0,104.43546438217165,151.9433298110962,102.1726005077362,1.0
128.0,0.0,96.19831252098083,152.32388377189636,58.18383622169494,1.0
128.0,0.0,86.70492339134216,57.59868335723877,51.38296866416931,1.0
128.0,0.0,78.6764624118805,55.266255855560296,52.876540660858154,1.0
128.0,0.0,69.69866251945496,55.266255855560296,54.93889760971069,1.0
128.0,0.0,60.63902306556701,56.072375535964966,54.93889760971069,1.0
133.0,0.0,52.94610428810119,57.426820278167725,54.23507738113403,1.0
134.0,0.0,48.17485785484313,58.253399848937995,53.35939407348632,1.0
128.0,0.0,36.62729573249817,58.834460735321045,52.892908573150635,1.0
0.0,0.0,28.918009042739868,58.71579337120056,81.72907805442809,1.0
128.0,128.0,23.238343477249146,57.18539357185364,91.2879388332367,0.0
128.0,128.0,15.549516677856445,142.21260595321655,110.512051820755,0.0
128.0,128.0,14.64109754562378,141.69701671600342,110.512051820755,0.0
128.0,128.0,14.624729633331299,142.21260595321655,110.90488171577452,0.0
128.0,128.0,14.64109754562378,141.33692264556885,110.90488171577452,0.0
128.0,128.0,14.710661172866821,141.59471726417542,109.17397499084471,0.0
128.0,128.0,14.694293260574339,141.59471726417542,109.02257180213928,0.0
128.0,128.0,14.624729633331299,141.90161561965942,109.50133323669434,0.0
128.0,128.0,14.690201282501219,142.57270002365112,110.27471709251404,0.0
128.0,128.0,14.673833370208738,142.8304946422577,102.99508810043334,0.0
128.0,128.0,14.673833370208738,189.42584896087644,102.99508810043334,0.0
128.0,128.0,14.64109754562378,190.87031722068787,102.80685710906982,0.0
128.0,128.0,14.64109754562378,99.47598695755005,107.78270244598389,0.0
128.0,128.0,14.620637655258179,73.20139575004578,109.21080279350281,0.0
128.0,128.0,11.84218454360962,71.77329540252686,110.27062511444092,0.0
128.0,128.0,11.84218454360962,72.4116439819336,110.08239412307739,0.0
128.0,128.0,15.995542287826536,73.54512190818787,110.08239412307739,0.0
128.0,128.0,16.187865257263184,94.10731172561644,110.65117907524109,0.0
128.0,128.0,15.001191616058348,94.10731172561644,109.23944664001463,0.0
128.0,128.0,14.29737138748169,92.56054401397704,109.23944664001463,0.0
128.0,128.0,14.29737138748169,61.5310742855072,97.07399582862853,0.0
128.0,128.0,18.397533416748047,61.18734812736511,92.7324070930481,0.0
128.0,128.0,65.8030993938446,62.52133297920227,83.44361686706543,0.0
128.0,128.0,102.39356732368469,71.48276495933533,58.88356447219848,0.0
128.0,128.0,101.2764573097229,93.41985940933229,53.22026681900024,0.0
128.0,128.0,106.5469250679016,94.51650953292845,48.12166213989257,0.0
128.0,128.0,142.02437496185303,94.8274998664856,101.77977061271667,0.0
128.0,128.0,142.02437496185303,127.19504642486572,159.4111897945404,0.0
128.0,128.0,63.397016286849976,139.8638105392456,220.99136781692502,0.0
128.0,128.0,63.397016286849976,17.542309999465942,262.2507827281952,0.0
128.0,128.0,67.48490238189697,15.222158432006836,234.17162919044495,0.0
128.0,128.0,67.48490238189697,13.045226097106932,216.76844644546506,0.0
128.0,128.0,67.63630557060242,11.723517179489134,149.91780066490173,0.0
128.0,128.0,101.2600893974304,11.54756212234497,75.5665590763092,0.0
128.0,128.0,101.87797808647157,8.924604177474976,75.5665590763092,0.0
128.0,128.0,115.16463088989258,35.784348249435425,104.38636064529419,0.0
128.0,128.0,115.16463088989258,80.15366649627686,114.34214329719543,0.0
128.0,128.0,13.401228189468384,72.37890815734863,104.38636064529419,0.0
128.0,128.0,11.17110013961792,67.19027996063232,61.617005825042725,0.0
128.0,128.0,8.940972089767456,59.145451068878174,69.92372131347656,0.0
128.0,128.0,8.855040550231934,58.1142725944519,69.870525598526,0.0
128.0,128.0,9.42382550239563,58.044708967208855,41.94686722755432,0.0
128.0,128.0,9.955782651901245,57.37771654129028,40.436927318573,0.0
128.0,128.0,10.246313095092773,41.60314106941223,40.436927318573,0.0
128.0,128.0,8.822304725646973,41.51720952987671,40.40419149398803,0.0
128.0,128.0,8.73637318611145,42.88802218437195,39.888602256774895,0.0
128.0,128.0,10.160381555557251,43.35450768470764,39.85177445411683,0.0
128.0,128.0,220.717205286026,43.73096966743469,39.81903862953186,0.0
128.0,128.0,221.17959880828857,43.73096966743469,39.81903862953186,0.0
128.0,128.0,221.1100351810455,43.784165382385254,39.54487609863282,0.0
128.0,128.0,220.5617101192474,43.833269119262695,39.52441620826721,0.0
128.0,128.0,220.3734791278839,44.213823080062866,39.54487609863282,0.0
128.0,128.0,220.23844385147095,44.57391715049744,39.835406541824334,0.0
128.0,128.0,220.23844385147095,45.41277265548705,39.95816588401795,0.0
128.0,128.0,220.21798396110532,45.49870419502258,39.90087819099426,0.0
128.0,128.0,220.30391550064087,45.38003683090211,39.835406541824334,0.0
128.0,0.0,220.21798396110532,44.22609901428223,39.835406541824334,1.0
128.0,0.0,220.06248879432678,43.816901206970215,39.54487609863282,1.0
128.0,0.0,217.38633513450623,42.76935482025147,39.54487609863282,1.0
152.0,0.0,206.4198338985443,38.153603553771966,38.08403992652893,1.0
128.0,0.0,196.15715289115906,38.153603553771966,61.83797264099121,1.0
0.0,73.0,187.5230791568756,80.35826539993286,61.83797264099121,1.0
0.0,128.0,179.9529197216034,80.35826539993286,73.64332938194275,1.0
14.0,128.0,177.36269760131833,27.56356430053711,27.391701221466064,0.793212890625
255.0,175.0,177.36269760131833,27.56356430053711,26.413718461990353,0.9936259535675618
255.0,128.0,123.21355175971985,56.51840114593506,77.83351492881773,0.98443603515625
128.0,128.0,94.55333733558655,56.51840114593506,77.83351492881773,0.0
128.0,128.0,94.55333733558655,24.58051228523254,23.90942788124084,0.0
128.0,128.0,173.27481150627136,24.199958324432373,23.90942788124084,0.0
128.0,128.0,172.0226662158966,24.044463157653812,24.21632623672485,0.0
128.0,128.0,171.42114543914792,23.54933381080627,24.232694149017334,0.0
128.0,128.0,171.9244587421417,22.383120059967045,24.44138503074646,0.0
128.0,128.0,171.45797324180603,21.69566774368286,25.55440306663513,0.0
128.0,121.0,171.45797324180603,21.62610411643982,25.55440306663513,0.00299072265625
128.0,66.0,171.4743411540985,21.707943677902218,25.558495044708252,0.234619140625
128.0,46.0,171.88763093948367,21.728403568267822,25.419367790222168,0.410400390625
128.0,32.0,170.79098081588745,21.503344774246212,25.607598781585693,0.5625
128.0,46.0,169.24421310424808,20.95501971244812,25.84902548789978,0.410400390625
128.0,102.0,165.21361470222473,20.701317071914673,26.569213628768924,0.041259765625
128.0,69.0,160.6428751945496,20.443522453308105,26.77381253242493,0.21246337890625
128.0,49.0,159.49712133407593,20.443522453308105,26.876111984252933,0.38092041015625
128.0,28.0,159.49712133407593,20.083428382873535,27.031607151031494,0.6103515625
75.0,28.0,156.57954096794126,19.686506509780884,27.75179529190063,0.6339742598605164
0.0,21.0,152.2706880569458,19.084985733032227,28.631570577621456,1.0
128.0,84.0,146.1286289691925,19.084985733032227,28.631570577621456,0.1181640625
128.0,82.0,140.7558617591858,20.59492564201355,28.30421233177185,0.129150390625
128.0,0.0,134.95343685150146,22.771857976913452,26.794272422790527,1.0
128.0,0.0,133.77085518836975,23.512506008148193,26.70424890518188,1.0
150.0,0.0,128.1893970966339,27.305769681930542,26.794272422790527,1.0
128.0,0.0,119.02336621284483,153.22821092605588,127.03955125808714,1.0
48.0,0.0,110.34018874168396,152.34025168418884,125.27181673049927,1.0
11.0,0.0,106.73924803733826,36.799158811569214,100.02431201934814,1.0
117.0,0.0,94.84386777877806,36.799158811569214,44.193363189697266,1.0
128.0,0.0,80.1004707813263,63.64253497123718,42.22102975845337,1.0
255.0,18.0,72.66943860054016,71.43366122245789,41.58677315711975,1.0
255.0,114.0,63.65890288352966,71.43366122245789,39.40574884414673,0.984508719141818
255.0,128.0,55.1434965133667,70.05875658988953,39.88451027870178,0.98443603515625
255.0,128.0,51.40342855453491,67.94729590415955,39.88451027870178,0.98443603515625
128.0,0.0,55.573154211044304,66.13045763969421,42.15146613121033,1.0
0.0,0.0,55.573154211044304,59.194554805755615,48.79274654388427,1.0
0.0,0.0,47.11503553390502,58.834460735321045,48.79274654388427,1.0
0.0,0.0,41.8609356880188,57.480015993118286,47.79839587211609,1.0
255.0,9.0,35.37515044212341,55.45448684692382,44.483893632888794,1.0
71.0,0.0,29.793692350387573,53.617188692092896,57.54548764228821,1.0
128.0,128.0,25.677162408828735,55.81048893928527,92.8551664352417,0.0
128.0,128.0,17.76327681541443,104.00580668449402,101.7429428100586,0.0
128.0,128.0,15.173054695129395,103.68254041671752,104.79965043067932,0.0
128.0,128.0,15.136226892471313,103.289710521698,101.824782371521,0.0
128.0,128.0,15.173054695129395,102.87642073631287,100.5071654319763,0.0
128.0,128.0,15.205790519714354,102.08666896820068,101.824782371521,0.0
128.0,128.0,15.205790519714354,102.79048919677733,101.38284873962402,0.0
128.0,128.0,15.136226892471313,103.30607843399046,101.38284873962402,0.0
128.0,128.0,15.10349106788635,104.10810613632202,100.81815576553343,0.0
128.0,128.0,15.119858980178833,104.10810613632202,101.36238884925841,0.0
128.0,128.0,15.185330629348753,103.06465172767638,102.52860260009766,0.0
128.0,128.0,15.185330629348753,103.06465172767638,102.52860260009766,0.0
128.0,128.0,15.189422607421873,103.06465172767638,106.47736144065856,0.0
128.0,128.0,15.258986234664917,96.88576483726501,106.4814534187317,0.0
128.0,128.0,15.275354146957397,96.37017560005188,105.15565252304077,0.0
128.0,128.0,15.258986234664917,90.48181915283203,101.64064335823059,0.0
128.0,128.0,10.643234968185425,88.25578308105469,99.8729088306427,0.0
128.0,128.0,15.205790519714354,87.78929758071901,99.14862871170045,0.0
128.0,128.0,14.829328536987305,87.78929758071901,102.51632666587828,0.0
128.0,128.0,14.829328536987305,88.04709219932556,102.89278864860533,0.0
128.0,128.0,12.529636859893797,87.87522912025452,102.89278864860533,0.0
128.0,128.0,17.006260871887207,87.89159703254701,101.22735357284544,0.0
128.0,128.0,16.0487380027771,87.87522912025452,100.09387564659119,0.0
128.0,128.0,16.0487380027771,56.00281190872193,100.09387564659119,0.0
128.0,128.0,17.370446920394897,56.00281190872193,95.68681526184082,0.0
128.0,128.0,17.370446920394897,59.4359815120697,95.37582492828369,0.0
128.0,128.0,17.370446920394897,62.47222924232483,95.37582492828369,0.0
128.0,128.0,22.964180946350094,66.76471424102783,95.37582492828369,0.0
128.0,128.0,25.415275812149048,80.54649639129639,100.33530235290526,0.0
128.0,128.0,73.13183212280273,80.54649639129639,104.02626657485963,0.0
128.0,128.0,96.55840659141539,119.91950941085815,211.57163429260254,0.0
128.0,128.0,96.55840659141539,119.91950941085815,211.57163429260254,0.0
128.0,128.0,72.7390022277832,128.07072973251343,211.57163429260254,0.0
128.0,128.0,103.61297678947447,136.49611258506775,89.4383647441864,0.0
128.0,128.0,103.61297678947447,136.49611258506775,83.15717840194701,0.0
128.0,128.0,103.61297678947447,132.46551418304443,80.8533947467804,0.0
128.0,128.0,103.81757569313048,109.03893971443178,80.8533947467804,0.0
128.0,128.0,103.61297678947447,91.81989598274231,77.44068503379822,0.0
128.0,128.0,10.46727991104126,68.3442177772522,69.3222005367279,0.0
128.0,128.0,9.526124954223633,65.16884279251099,69.3222005367279,0.0
128.0,128.0,9.235594511032104,59.82881140708923,72.10065364837646,0.0
128.0,128.0,9.116927146911621,57.87284588813782,42.1882939338684,0.0
128.0,128.0,9.80028748512268,44.90127539634704,40.023637533187866,0.0
128.0,128.0,10.295416831970217,43.69823384284973,40.023637533187866,0.0
128.0,128.0,10.295416831970217,44.537089347839355,40.22823643684387,0.0
128.0,128.0,11.428894758224487,45.03631067276001,40.334627866744995,0.0
128.0,128.0,222.5872392654419,45.03631067276001,40.35099577903747,0.0
128.0,128.0,223.8884882926941,45.03631067276001,40.22823643684387,0.0
128.0,128.0,222.61997509002686,44.72532033920288,40.22823643684387,0.0
128.0,128.0,223.36062312126157,44.99948287010193,40.29780006408691,0.0
128.0,0.0,223.36062312126157,45.105874300003045,40.334627866744995,1.0
128.0,0.0,222.45220398902893,45.961097717285156,40.16276478767396,1.0
128.0,0.0,213.2166094779968,45.277737379074104,37.740313768386834,1.0
128.0,0.0,204.5457079410553,40.2118685245514,36.38586902618408,1.0
128.0,128.0,200.68697261810306,40.2118685245514,36.23037385940552,0.0
128.0,93.0,200.68697261810306,66.49055171012878,106.7515239715576,0.07476806640625
155.0,80.0,200.68697261810306,118.73283576965332,104.10810613632202,0.1474963139420945
219.0,80.0,200.68697261810306,187.93227696418762,104.10810613632202,0.5246303723153132
255.0,76.0,262.71317625045776,190.82121348381045,104.10810613632202,0.9981744333857867
255.0,128.0,258.3715875148773,51.40342855453491,96.74663758277893,0.98443603515625
255.0,128.0,172.1617934703827,32.53940963745117,16.76892614364624,0.98443603515625
51.0,128.0,169.82936596870422,30.223350048065186,17.07582449913025,0.36187744140625
0.0,90.0,53.907719135284424,28.04232573509216,26.450546264648438,1.0
0.0,90.0,47.66336059570312,26.090452194213864,47.696096420288086,1.0
128.0,128.0,36.55773210525513,21.40104532241821,37.69121003150939,0.0
128.0,128.0,31.835589408874508,18.569396495819092,97.41363000869751,0.0
0.0,96.0,30.01875114440918,14.997099637985228,102.94189238548279,1.0
128.0,128.0,30.567076206207272,14.158244132995604,41.1898512840271,0.0
0.0,98.0,143.64070630073547,12.64830422401428,39.303449392318726,1.0
128.0,128.0,142.99826574325562,12.288210153579712,38.65282487869263,0.0
0.0,128.0,136.61477994918823,12.288210153579712,38.32546663284302,1.0
128.0,128.0,132.77241253852844,12.525544881820677,37.39658761024475,0.0
128.0,128.0,122.11690163612366,24.21632623672485,35.15009164810181,0.0
128.0,0.0,121.24121832847594,181.85978150367737,35.15009164810181,1.0
128.0,128.0,121.24121832847594,181.85978150367737,35.15009164810181,0.0
128.0,128.0,121.31078195571898,121.22075843811035,35.26875901222229,0.0
128.0,0.0,137.16719698905945,122.45653581619263,119.43665599822997,1.0
195.0,128.0,137.5436589717865,139.15589833259583,148.66565537452698,0.27398681640625
128.0,128.0,108.45378684997557,139.15589833259583,147.63856887817383,0.0
128.0,128.0,108.45378684997557,139.15589833259583,142.84686255455017,0.0
153.0,0.0,122.11280965805054,142.6913673877716,112.36571788787842,1.0
152.0,0.0,122.42379999160767,143.12102508544922,112.36571788787842,1.0
0.0,0.0,119.55941534042358,146.41915941238403,112.36571788787842,1.0
0.0,83.0,115.31603407859802,146.41915941238403,106.15409517288208,1.0
0.0,101.0,100.21663498878479,22.706386327743527,84.16380500793457,1.0
0.0,103.0,75.00186610221864,24.44138503074646,83.8241708278656,1.0
0.0,128.0,68.85980701446533,29.67502498626709,72.0474579334259,1.0
0.0,128.0,68.66748404502869,31.168596982955933,68.66748404502869,1.0
0.0,107.0,72.6162428855896,46.8040452003479,60.89272570610046,1.0
255.0,128.0,72.6162428855896,61.37557911872864,60.89272570610046,0.98443603515625
255.0,128.0,60.37713646888733,67.84499645233154,110.27062511444092,0.98443603515625
128.0,128.0,64.65325355529785,69.49406361579895,110.27062511444092,0.0
128.0,89.0,66.36779236793518,61.35921120643616,48.81320643424988,0.09283447265625
128.0,0.0,66.33505654335022,59.12908315658569,49.88939666748047,1.0
128.0,0.0,64.03536486625671,59.12908315658569,52.70876955986022,1.0
128.0,0.0,57.27132511138916,56.65343642234802,53.617188692092896,1.0
149.0,0.0,50.15128326416015,51.31749701499939,56.706632137298584,1.0
205.0,0.0,48.34672093391419,51.31749701499939,61.08095669746398,1.0
217.0,0.0,36.27947759628296,64.99697971343994,64.22359585762024,1.0
128.0,0.0,32.00745248794556,65.28751015663147,88.43992209434509,1.0
128.0,128.0,24.560052394866943,65.49210906028748,90.4163475036621,0.0
128.0,128.0,18.48346495628357,104.00580668449402,104.23086547851564,0.0
128.0,128.0,15.958714485168457,63.67527079582214,144.40999817848206,0.0
128.0,128.0,15.946438550949097,63.38064837455749,144.40999817848206,0.0
128.0,128.0,15.958714485168457,63.55660343170166,143.86167311668396,0.0
128.0,128.0,15.958714485168457,63.638442993164055,143.7880175113678,0.0
128.0,128.0,15.958714485168457,63.64253497123718,144.22176718711853,0.0
128.0,128.0,15.958714485168457,63.982169151306145,144.30360674858093,0.0
128.0,128.0,15.946438550949097,64.19086003303528,144.30360674858093,0.0
